,setup,map_id,smoke_level,trial_index,rmse,rmse_scale,hallucination_count,hallucination_count_total,hallucination_percent,undetected_count,undetected_count_total,undetected_percent,num_clusters,number_disparity,latency_fusion,latency_inference
0,FUSION,2,2,8,0.3975962038332357,12.876541131928898,9321,19849,0.46959544561438865,1566,15183,0.10314167160640189,47,153973,0.34414412336164474,0.30710614876970443
1,FUSION,2,2,10,0.39190729491063486,19.158404301917766,8973,19379,0.4630269879766758,1370,15183,0.09023249687150102,66,155235,0.3587223119376337,0.3187975231923309
2,FUSION,2,2,6,0.3935799718030898,19.49797996274961,8613,19696,0.4372969130787977,1627,15183,0.10715932292695778,64,154207,0.3441744346054945,0.3099123445932026
3,FUSION,2,2,11,0.3816140822528577,19.936002436973894,8993,19497,0.4612504487869929,1356,15183,0.08931041296186525,57,155039,0.337174272887544,0.30542926138352283
4,FUSION,2,2,11,0.4026866174865991,20.866903678381366,6287,13422,0.46841007301445386,5605,15183,0.36916287953632354,48,155039,0.337174272887544,0.30542926138352283
5,FUSION,2,2,14,0.39988445391905764,18.248692685214465,6376,12872,0.4953387197016781,5651,15183,0.3721925838108411,48,156360,0.3360982354167,0.3045357165161657
6,FUSION,2,2,9,0.3905068548811946,18.487757673202307,9353,20516,0.4558880873464613,1700,15183,0.11196733188434434,65,155081,0.3512601616358993,0.3126271784496613
7,FUSION,2,2,7,0.4118359955608337,19.20675376605603,8589,19376,0.44328034682080925,1643,15183,0.10821313310939867,70,197539,0.4998163350647188,0.39436303942461465
8,FUSION,2,2,13,0.39674326971493523,14.967709372488157,9289,20548,0.45206346116410356,1586,15183,0.10445893433445301,50,155186,0.33515113223459303,0.3036514601354933
9,FUSION,2,2,4,0.3999319153037987,13.37672813230615,9169,21033,0.43593400846289165,1348,15183,0.0887835078706448,60,154730,0.35348240790131624,0.31449706416993023
10,FUSION,2,2,1,0.3971216625319658,15.801065964404666,8719,19145,0.45541916949595196,1457,15183,0.09596258973852335,54,155987,0.35221627612836953,0.31288446487191207
11,FUSION,2,2,2,0.3927090432377564,15.488877076905545,8657,18975,0.456231884057971,2200,15183,0.1448989000856221,69,154469,0.36591908063231304,0.3211056137712636
12,FUSION,2,2,3,0.39224403187867835,14.597981002940617,9598,21612,0.4441051267814177,1375,15183,0.0905618125535138,59,155369,0.3499992700262741,0.3112371572708294
13,FUSION,2,2,12,0.4472573810220313,18.718427004322415,31849,55959,0.569148841115817,1080,15183,0.07113218731475993,26,154957,0.33911495755828497,0.3044914733051416
14,FUSION,2,2,0,0.4020049530765777,19.87941020886893,10353,21527,0.48093092395596226,1855,15183,0.12217611802674043,77,155707,0.34659811879517716,0.31027150694466016
15,FUSION,2,2,5,0.3981399760897042,18.184815596498755,10036,21407,0.46881861073480635,1456,15183,0.0958967266021208,45,155392,0.37318228717513885,0.326004259568408
16,FUSION,2,1,13,0.35359145408766873,16.359379574305954,6072,19987,0.3037974683544304,1447,15183,0.09530395837449779,82,226659,0.3585044152702714,0.30577722061016716
17,FUSION,2,1,14,0.40554427060809256,20.628160551990305,1765,4678,0.37729799059427105,10041,15183,0.6613317526180597,31,226563,0.35919671205677745,0.30688439646981797
18,FUSION,2,1,9,0.3686018567761058,14.90602329796409,6999,20249,0.3456466986024001,1381,15183,0.09095699137192913,76,226444,0.3828357754530072,0.3152274836053371
19,FUSION,2,1,11,0.34903215943784127,19.07120536155079,6578,19888,0.3307522123893805,1424,15183,0.09378910623723902,86,226336,0.38199919704356966,0.3094085536241342
20,FUSION,2,1,12,0.36528863739701334,15.874651615634441,7439,20775,0.3580746089049338,1659,15183,0.10926694329183956,69,226033,0.3655563858130497,0.30707284344879954
21,FUSION,2,1,10,0.3528035017991056,17.09544398488232,5709,18602,0.30690248360391353,1495,15183,0.09846538892182045,97,226461,0.3642641927013878,0.3069052543407625
22,FUSION,2,1,5,0.3443753551272561,17.066382652081536,4870,13851,0.35159916251534185,4205,15183,0.27695448857274585,73,226598,0.36627048640184,0.30399886788749547
23,FUSION,2,1,1,0.36819385230289486,16.40070464409325,5017,15558,0.3224707545957064,2907,15183,0.19146413752222882,69,225857,0.3546516395026786,0.308979157976776
24,FUSION,2,1,2,0.35559847299353436,15.158220986050633,7350,20568,0.3573512252042007,1500,15183,0.09879470460383323,72,226518,0.3561953168544308,0.305047591806809
25,FUSION,2,1,0,0.3516807013450267,18.66193283442213,7057,20323,0.34724204103724843,1374,15183,0.09049594941711124,87,225712,0.3569994165825386,0.31087754504139203
26,FUSION,2,1,4,0.35487057730714366,14.117830513714638,5936,18442,0.3218739832989914,2288,15183,0.15069485608904695,83,226818,0.3585072685175113,0.3047147233799909
27,FUSION,2,1,7,0.3652818556580217,16.332587731154348,7377,21048,0.350484606613455,1644,15183,0.10827899624580123,87,226718,0.3771848025529281,0.3054069048362159
28,FUSION,2,1,8,0.36069478516775544,17.523158399003876,7097,20295,0.3496920423749692,1523,15183,0.10030955674109202,69,226604,0.37797666959060255,0.3092225282770329
29,FUSION,2,1,3,0.3720208597976651,17.265591288823842,6630,20388,0.3251912889935256,1494,15183,0.0983995257854179,80,226197,0.3602552356702359,0.3048931356519461
30,FUSION,2,0,7,0.35389747237603286,16.702696539318826,6600,21410,0.3082671648762261,1834,15183,0.12079299216228677,84,244857,0.3593099381822688,0.30505139877107657
31,FUSION,2,0,5,0.3480291717135749,16.026129380598498,6315,21620,0.29209065679925994,1613,15183,0.106237239017322,103,244250,0.37235892444621516,0.3049464277943488
32,FUSION,2,0,1,0.353294389420514,18.26388831107691,7245,23017,0.3147673458747882,1842,15183,0.12131989725350721,80,244447,0.3635231603507836,0.3048386118374765
33,FUSION,2,0,8,0.345279845240772,19.330929318928426,5530,19567,0.2826186947411458,2552,15183,0.16808272409932162,92,244331,0.37708767393360965,0.3030933122727477
34,FUSION,2,0,6,0.3659863647136876,18.315000077570954,2641,9433,0.2799745574048553,7120,15183,0.4689455311861951,60,244569,0.37269160364965315,0.3031529275224296
35,FUSION,2,0,3,0.34804685667548035,15.516483690745305,4219,13960,0.30222063037249286,4618,15183,0.3041559639070012,81,244198,0.36413242179436267,0.30525226995978555
36,FUSION,2,0,11,0.35700954392545087,18.67130240290569,6247,21360,0.2924625468164794,1455,15183,0.09583086346571824,100,244865,0.35832502844138797,0.30697638476392025
37,FUSION,2,0,0,0.33811994698606007,15.951644792326727,5738,20492,0.2800117118875659,1619,15183,0.10663241783573733,95,244559,0.36819440669302334,0.3047241597657835
38,FUSION,2,0,4,0.34699038248333997,15.798726788601341,6156,21196,0.29043215701075675,2043,15183,0.13455838767042086,90,244293,0.3658327506396673,0.3047732673585415
39,FUSION,2,0,12,0.37999984836031814,18.057540260818524,8780,24765,0.35453260650111046,1545,15183,0.10175854574194823,67,244535,0.37186719554557635,0.306178708785466
40,FUSION,2,0,10,0.3463082685684194,19.00624161979402,6061,20570,0.2946524064171123,1964,15183,0.129355199894619,98,244433,0.36282528582865115,0.3061329240937381
41,FUSION,2,0,14,0.33644460956771244,17.531909696275243,5522,19620,0.28144750254842,2021,15183,0.13310939866956464,100,244834,0.40859521933251025,0.33162465705498706
42,FUSION,2,0,9,0.35289733420346364,13.730187693505103,5168,19130,0.27015159435441716,1724,15183,0.11354804715800566,103,244639,0.36001445699441914,0.30532495339338395
43,FUSION,2,0,13,0.344436856953955,17.942322279484785,6492,21553,0.301210968310676,1590,15183,0.10472238688006323,93,244591,0.373829899876096,0.30968510380525727
44,FUSION,2,0,2,0.3751699067639887,17.830036264259128,8286,23861,0.3472612212396798,1473,15183,0.09701639992096424,70,244615,0.3653581671500474,0.30481385020539165
45,FUSION,2,3,3,0.4406872645611267,22.177444758501885,8165,16818,0.4854917350457843,3076,15183,0.2025950075742607,60,119455,0.319480350913814,0.30414618339687294
46,FUSION,2,3,5,0.41608523185115115,16.740767306198354,6860,16390,0.4185478950579622,2050,15183,0.13501942962523875,69,119703,0.32460198684064007,0.30337688952545355
47,FUSION,2,3,9,0.4203735060700817,14.721819255329189,6928,15274,0.4535812491816158,2721,15183,0.1792135941513535,63,121343,0.3263911709181241,0.3057254008199155
48,FUSION,2,3,0,0.42127384544143676,17.429737408431084,7378,16087,0.4586311928886679,1983,15183,0.13060659948626754,55,119935,0.32661201815168045,0.30418720719409964
49,FUSION,2,3,2,0.43194455699543033,16.498222298518012,7937,16489,0.4813512038328583,2303,15183,0.15168280313508528,65,120253,0.3318761814811898,0.30146561118513576
50,FUSION,2,3,13,0.4429869795890399,16.414422086424377,8367,17017,0.49168478580243286,1948,15183,0.12830138971217808,69,118981,0.3223549704906369,0.3044744936587939
51,FUSION,2,3,1,0.4194993224467745,15.252041872473919,7840,17198,0.45586696127456683,1840,15183,0.1211881709807021,63,119183,0.32402948376744295,0.304539184380471
52,FUSION,2,3,6,0.42803542234943676,14.32811095486963,7151,15825,0.45187993680884675,1769,15183,0.11651188829612066,70,118659,0.3229891529541142,0.3051600373252836
53,FUSION,2,3,7,0.419101126613718,14.022091461981201,7950,16486,0.4822273444134417,2306,15183,0.15188039254429295,62,118945,0.3244735889276199,0.3045715270425825
54,FUSION,2,3,11,0.4238966495711683,20.647281262648377,7189,14894,0.4826775882905868,2410,15183,0.15873015873015872,71,119387,0.3225166590745784,0.3040241715877401
55,FUSION,2,3,14,0.44913498852992423,15.787730398895658,7454,16081,0.46352838753808845,2212,15183,0.14568925772245275,65,119013,0.32187751132269504,0.30416349741915283
56,FUSION,2,3,12,0.40216259839606866,12.419901916268847,5552,13262,0.4186397225154577,2282,15183,0.15029967727063162,64,119298,0.3228007598903784,0.30403868444060683
57,FUSION,2,3,4,0.43160773635389144,16.391507590593797,6878,14851,0.463133795703993,2466,15183,0.16241849436870184,68,119993,0.32338725586822803,0.30385449890778443
58,FUSION,2,3,10,0.43953542334355283,13.912117617607175,7414,15369,0.48239963563016464,2243,15183,0.14773101495093197,68,119652,0.3226496309559635,0.30438206356761516
59,FUSION,2,3,8,0.4298083475865561,12.598919812031525,7632,16240,0.46995073891625616,2408,15183,0.1585984324573536,67,118099,0.3218387026991388,0.30425138685521025
60,STEREO,2,2,0,0.1487740426060151,15.578199597928373,114,6072,0.018774703557312252,5369,15183,0.35361917934532044,40,148740,,
61,STEREO,2,2,1,0.1752071538564558,16.92507800296745,95,6363,0.01493006443501493,5186,15183,0.3415662253836528,42,148894,,
62,STEREO,2,2,6,0.17576874003634854,13.546895519633154,113,6715,0.016827997021593447,5045,15183,0.33227952315089243,37,148764,,
63,STEREO,2,2,7,0.16660505582371318,18.289761721187094,57,6418,0.008881271424119663,4779,15183,0.3147599288678127,39,148668,,
64,STEREO,2,2,14,0.170650595867015,16.336548313562,82,6450,0.012713178294573644,5158,15183,0.33972205756438123,49,148771,,
65,STEREO,2,2,5,0.1910426575083275,16.784265066756685,192,6465,0.029698375870069606,5441,15183,0.3583613251663044,41,149036,,
66,STEREO,2,2,9,0.16670996467388813,14.488151611827766,166,6454,0.025720483421134182,4976,15183,0.3277349667391161,51,148819,,
67,STEREO,2,2,3,0.14695209472621693,14.975388873465985,17,6092,0.0027905449770190415,5150,15183,0.3391951524731608,39,149096,,
68,STEREO,2,2,11,0.17393623280889373,14.783024133476205,70,4226,0.01656412683388547,8235,15183,0.5423829282750444,37,149901,,
69,STEREO,2,2,2,0.16777557569445573,17.41019357121887,108,6328,0.01706700379266751,5295,15183,0.3487453072515313,40,149227,,
70,STEREO,2,2,10,0.1550585163744572,15.400496688893254,65,6344,0.010245901639344262,5138,15183,0.3384047948363301,39,148813,,
71,STEREO,2,2,12,0.20335169344703577,16.95564329153625,189,4427,0.04269256833069799,7654,15183,0.5041164460251597,38,150894,,
72,STEREO,2,2,4,0.1613856782769716,15.144048420084257,62,6119,0.010132374571008334,5607,15183,0.36929460580912865,36,148696,,
73,STEREO,2,2,13,0.18241820502863032,16.56500252772117,126,6596,0.01910248635536689,5162,15183,0.33998551010999145,47,148458,,
74,STEREO,2,2,8,0.16387182223039642,19.26358762510899,69,6337,0.010888433012466467,5426,15183,0.3573733781202661,38,148627,,
75,STEREO,2,1,14,0.19709174723827322,18.534564366190633,1718,16108,0.10665507822200149,1568,15183,0.103273397879207,77,222375,,
76,STEREO,2,1,4,0.19866456111550634,19.51588260869237,733,14947,0.049039941125309426,1477,15183,0.09727985246657446,73,222823,,
77,STEREO,2,1,13,0.1850761055981982,20.94277384130089,1017,15453,0.06581246359930111,1581,15183,0.10412961865244023,58,222833,,
78,STEREO,2,1,8,0.19016701821053575,18.15542628574034,918,15192,0.06042654028436019,1449,15183,0.0954356846473029,59,222770,,
79,STEREO,2,1,10,0.19401620547936926,16.61384585033118,822,15293,0.0537500817367423,1451,15183,0.09556741092010801,76,222970,,
80,STEREO,2,1,12,0.2064581162365613,16.843171377936947,539,14839,0.0363232023721275,1400,15183,0.09220839096357769,60,222907,,
81,STEREO,2,1,7,0.2092622712927459,18.64323247591022,867,15606,0.05555555555555555,1534,15183,0.10103405124152012,66,222623,,
82,STEREO,2,1,9,0.19543416430203087,21.63829327565839,728,15516,0.04691930910028358,1457,15183,0.09596258973852335,61,222575,,
83,STEREO,2,1,11,0.20857507316388182,21.000107408114623,1296,16170,0.08014842300556586,1316,15183,0.08667588750576302,68,222488,,
84,STEREO,2,1,1,0.2000544395056698,17.122165821919605,359,15518,0.023134424539244747,1202,15183,0.0791674899558717,59,222555,,
85,STEREO,2,1,0,0.20335744270028935,16.90112870713171,1509,16047,0.09403626846139465,1796,15183,0.11829019297898966,75,222433,,
86,STEREO,2,1,2,0.19127267360393574,20.918365742701635,517,14848,0.03481950431034483,1525,15183,0.10044128301389713,59,222674,,
87,STEREO,2,1,3,0.19022704091373033,19.46129322177992,664,15192,0.04370721432332807,1823,15183,0.12006849766185866,60,222516,,
88,STEREO,2,1,5,0.19510956870339843,18.144304641783645,656,14792,0.04434829637641969,1273,15183,0.08384377264045313,66,222796,,
89,STEREO,2,1,6,0.2108408744065731,16.483755081021233,669,15242,0.04389187770633775,1504,15183,0.09905815714944345,59,222765,,
90,STEREO,2,0,12,0.19993695864557925,12.409126191728935,1466,21468,0.06828768399478294,886,15183,0.058354738852664165,49,242697,,
91,STEREO,2,0,9,0.21683035114071972,15.374574178830237,1328,21892,0.06066142883245021,676,15183,0.04452348020812751,57,242794,,
92,STEREO,2,0,6,0.21141414350633406,16.49682258414443,1597,21499,0.07428252476859389,728,15183,0.0479483633010604,62,242646,,
93,STEREO,2,0,0,0.2090007820934434,18.562240257905678,2151,22358,0.09620717416584668,762,15183,0.050187709938747285,58,242375,,
94,STEREO,2,0,11,0.20443090217212476,17.467051758196877,842,20447,0.04117963515430136,875,15183,0.05763024435223606,60,242316,,
95,STEREO,2,0,10,0.2131597709462735,16.226829198691533,1398,21774,0.06420501515569027,845,15183,0.055654350260159385,63,242554,,
96,STEREO,2,0,13,0.20304265362563664,17.899662048725475,475,20223,0.023488107600257133,826,15183,0.054402950668510835,53,242562,,
97,STEREO,2,0,2,0.20199724775731495,18.07481361029793,1776,21677,0.08193015638695392,798,15183,0.05255878284923928,61,242574,,
98,STEREO,2,0,14,0.20580095953749863,16.74503179001227,1172,21791,0.05378367215823046,839,15183,0.055259171441744054,63,242725,,
99,STEREO,2,0,5,0.21508535518413693,18.884422898402466,2375,22612,0.10503272598620202,834,15183,0.05492985575973128,65,242339,,
100,STEREO,2,0,8,0.21843458470206575,17.896175730164124,1689,21710,0.07779824965453708,811,15183,0.0534150036224725,56,242377,,
101,STEREO,2,0,7,0.2080878658720369,18.149409635919845,2076,21601,0.09610666172862367,810,15183,0.053349140486069944,59,242356,,
102,STEREO,2,0,1,0.21379452419736447,17.156507698455645,2674,22982,0.11635192759550952,734,15183,0.04834354211947573,61,242217,,
103,STEREO,2,0,4,0.21498973982229605,17.279019770243277,1475,21972,0.067130893864919,813,15183,0.05354672989527761,57,242582,,
104,STEREO,2,0,3,0.2146363593824205,16.530438640859387,875,21017,0.041632963791216636,835,15183,0.05499571889613383,55,242602,,
105,STEREO,2,3,6,0.11372333677066243,12.862952246297223,34,2410,0.014107883817427386,8733,15183,0.575182770203517,25,114691,,
106,STEREO,2,3,7,0.1322367121561298,13.325582398126581,106,2417,0.04385601985932975,8793,15183,0.5791345583876705,30,114756,,
107,STEREO,2,3,14,0.14669764470953756,11.64554542622641,96,2524,0.03803486529318542,8740,15183,0.5756438121583349,31,114828,,
108,STEREO,2,3,4,0.16265044044240598,14.57094127403086,58,2759,0.021022109459949256,8468,15183,0.5577290390568399,33,114635,,
109,STEREO,2,3,2,0.1368878530958306,17.61930012765674,156,2808,0.05555555555555555,8613,15183,0.5672791938352104,30,114585,,
110,STEREO,2,3,1,0.13551461673519777,17.45277723496708,15,2417,0.006206040546131568,8384,15183,0.5521965355990253,28,114706,,
111,STEREO,2,3,0,0.2083029225892497,13.658026438372168,112,2777,0.04033129276197335,8405,15183,0.5535796614634789,29,114549,,
112,STEREO,2,3,10,0.15048197635203497,12.599585509887241,226,2674,0.08451757666417352,8662,15183,0.5705064875189356,32,114430,,
113,STEREO,2,3,13,0.15946771366313744,14.645445791650864,51,2693,0.018937987374675083,8435,15183,0.5555555555555556,30,114559,,
114,STEREO,2,3,11,0.16099486819158745,12.382965129678363,50,2850,0.017543859649122806,8290,15183,0.546005400777185,29,114555,,
115,STEREO,2,3,8,0.19677045749163166,14.081739438178923,63,2672,0.023577844311377244,8117,15183,0.5346110781795429,32,114583,,
116,STEREO,2,3,5,0.20194497296151245,13.866797428696557,117,2747,0.042591918456498,8500,15183,0.5598366594217217,32,114849,,
117,STEREO,2,3,12,0.1436878533686966,13.825859496936545,52,2536,0.02050473186119874,8335,15183,0.5489692419153,33,114507,,
118,STEREO,2,3,9,0.12444162628153203,13.462553880659016,22,2390,0.009205020920502092,8304,15183,0.5469274846868208,28,114877,,
119,STEREO,2,3,3,0.13087931723214055,13.410144371971045,57,2585,0.022050290135396517,8274,15183,0.5449515905947441,33,114491,,
120,FUSION,6,2,10,0.4095304811817657,16.46129420939337,9642,30666,0.3144198786930151,4897,32357,0.15134283153568007,31,193988,0.3479575819690968,0.30523573373433666
121,FUSION,6,2,9,0.402420901977613,11.962341748782633,9163,30704,0.2984301719645649,5184,32357,0.16021262787032173,34,193885,0.34004324482333276,0.30480909819650176
122,FUSION,6,2,5,0.3972932291103506,11.506468432018222,9326,29934,0.31155208124540656,4972,32357,0.15366072256389654,26,192383,0.34421710837932307,0.30427456477170123
123,FUSION,6,2,0,0.42787957652061814,14.140360855501683,8726,26320,0.33153495440729486,10037,32357,0.31019563000278144,31,196262,0.3479206729318162,0.30790900559949624
124,FUSION,6,2,13,0.40973927622065237,14.270846321820654,9755,31119,0.3134740833574344,4849,32357,0.14985938127762152,34,194301,0.34638848967856917,0.3045363362076916
125,FUSION,6,2,2,0.40724905476271417,12.938551157096217,9971,30844,0.32327194916353263,4856,32357,0.1500757177735884,28,195058,0.34608831937364537,0.3047747815953623
126,FUSION,6,2,14,0.3993524415832732,10.874402442722415,8876,29488,0.30100379815518175,4308,32357,0.13313966066075347,41,194304,0.3427498986014063,0.3047077900251508
127,FUSION,6,2,4,0.39841958894978735,14.842103066092204,8738,30120,0.2901062416998672,4730,32357,0.14618166084618475,25,194015,0.3417577877984801,0.30475496924749695
128,FUSION,6,2,8,0.39856843618646254,16.33512680736209,8746,29637,0.29510409285690187,5262,32357,0.16262323453966684,40,193791,0.3406373231811861,0.3047935686017027
129,FUSION,6,2,7,0.4144074670683461,11.616178785677503,10953,32455,0.33748266830996765,5832,32357,0.18023920635411195,30,194983,0.34447498095281015,0.30458613143969204
130,FUSION,6,2,12,0.39968887951570503,8.345406493977892,10394,31740,0.32747321991178324,4747,32357,0.14670704947924715,28,193432,0.344363411214261,0.3048776108203548
131,FUSION,6,2,3,0.41235525462710304,18.918184729550152,10775,33009,0.3264261262080039,4099,32357,0.12668047099545693,27,193700,0.34721060620808203,0.30396374047838304
132,FUSION,6,2,6,0.3975314192257482,20.62202649961887,8393,29360,0.2858651226158038,5381,32357,0.16630095497110362,30,194448,0.3488848255854353,0.3045180632343775
133,FUSION,6,2,11,0.40568644608657156,15.74555966259984,9335,30666,0.3044087914954673,4516,32357,0.13956794511234044,33,193733,0.34725139826119455,0.3044667567444753
134,FUSION,6,2,1,0.40405351158356284,10.22220370828074,8479,29072,0.2916552008805724,5277,32357,0.16308681274531014,33,193927,0.3501268626344106,0.3043718074884596
135,FUSION,6,1,0,0.36636044328000483,21.271033107740635,7698,29869,0.25772540091733903,3936,32357,0.12164292116079983,61,258654,0.36724775961337197,0.3052486135882106
136,FUSION,6,1,5,0.40611406213646295,14.961668973665224,7076,22375,0.31624581005586594,8861,32357,0.27385109868034735,56,258954,0.3693213371306143,0.3049676504263598
137,FUSION,6,1,3,0.3832643974363366,17.279342558851646,7874,30148,0.26117818760780154,3748,32357,0.1158327409834039,62,258758,0.3664202204436021,0.30507133198880604
138,FUSION,6,1,9,0.3818115690521282,18.832415042041106,7549,28944,0.2608139856274185,3124,32357,0.09654788762864296,68,258787,0.3630899785824542,0.30476759977031115
139,FUSION,6,1,10,0.37926332823556735,17.42833423676797,6711,28317,0.23699544443267295,4284,32357,0.13239793553172421,59,259118,0.3696472019558338,0.30472437578444433
140,FUSION,6,1,1,0.37810718645221847,21.521616616638877,7049,28450,0.24776801405975396,3749,32357,0.11586364619711345,67,259257,0.36621023858518387,0.30466319904946565
141,FUSION,6,1,14,0.3945030032852097,14.642507177048916,6274,21230,0.2955252001884126,9256,32357,0.28605865809562075,56,259262,0.3741423067214365,0.3049172359487712
142,FUSION,6,1,8,0.36968700468379034,18.576491236689865,5321,25680,0.20720404984423677,3606,32357,0.11144420063664741,76,259314,0.372963681586029,0.3044471740722656
143,FUSION,6,1,12,0.3793568462820044,23.90785629818862,7692,30399,0.2530346392973453,3645,32357,0.11264950397131997,73,258748,0.3705038853398416,0.30457186434842365
144,FUSION,6,1,11,0.3727923884150076,21.07885996608183,7451,28919,0.2576506794840762,3568,32357,0.1102698025156844,62,258682,0.36709042116928464,0.304910779896349
145,FUSION,6,1,2,0.38317022457840993,22.022958251987596,7115,27025,0.26327474560592046,3812,32357,0.11781067466081528,68,258729,0.363638771667084,0.304818278397664
146,FUSION,6,1,4,0.4066956531679974,9.170152451412468,4669,17855,0.26149537944553347,13647,32357,0.4217634514942671,47,258586,0.36570929133127533,0.3047864513555785
147,FUSION,6,1,13,0.38235057139169526,23.903901035318626,7728,29254,0.2641690025295686,4025,32357,0.12439348518095003,58,259361,0.3727718192015507,0.30477907123399556
148,FUSION,6,1,7,0.37062092544792996,13.580725824692676,7601,29460,0.25801086218601493,4048,32357,0.12510430509626974,54,259004,0.36894060564178294,0.30528247503002975
149,FUSION,6,1,6,0.38435033901775506,21.587288874140523,7265,28094,0.25859614152488075,3914,32357,0.12096300645918967,66,258974,0.3760260080195825,0.3047218524739559
150,FUSION,6,0,4,0.3565713765248929,19.333927174239392,5687,27237,0.20879685721628666,4393,32357,0.13576660382606545,70,272466,0.3840297691360443,0.30506764032800093
151,FUSION,6,0,5,0.36470048718057313,11.449056992871071,5803,24530,0.23656746840603343,7121,32357,0.2200760268257255,84,272376,0.37111526158644587,0.3058007159559071
152,FUSION,6,0,8,0.34474405097783806,19.128624347661745,6399,28756,0.22252747252747251,4313,32357,0.13329418672930124,71,272061,0.37749472871729856,0.30486342947586065
153,FUSION,6,0,1,0.3626032826693754,20.170452042757407,6493,28302,0.2294184156596707,4507,32357,0.13928979818895448,78,272394,0.38153746758112533,0.3044080212712288
154,FUSION,6,0,10,0.3614100758513651,19.658799347198364,7605,29799,0.2552099063726971,3410,32357,0.10538677874957506,72,272392,0.37496361161114466,0.3046814933808569
155,FUSION,6,0,11,0.39979646365151567,8.838055449836727,1342,6635,0.2022607385079126,24782,32357,0.7658930061501376,23,272211,0.3739025827864526,0.3047077283912109
156,FUSION,6,0,3,0.3653098586817191,18.664386723703153,6142,28462,0.2157965005972876,4178,32357,0.1291219828785116,69,272682,0.3765214447870231,0.30343114089740364
157,FUSION,6,0,13,0.3963388845234203,10.826318477389838,5204,18824,0.27645558861028474,14755,32357,0.4560064282844516,47,272380,0.36929911503688895,0.3047612734663987
158,FUSION,6,0,12,0.35882536899087786,23.160546089492417,5736,27395,0.20938127395510128,3829,32357,0.11833606329387768,78,272332,0.37638998673781826,0.30536316652146595
159,FUSION,6,0,9,0.3701277725875708,18.709783950780267,7045,30215,0.2331623365877875,3892,32357,0.12028309175757951,60,272454,0.3785218737480738,0.3048090114215813
160,FUSION,6,0,7,0.3748555601011852,21.37931153783362,7669,30693,0.2498615319453947,4386,32357,0.1355502673300986,66,272412,0.3765298027814951,0.30489764973025313
161,FUSION,6,0,14,0.3483523942398618,22.106194889077234,6407,28829,0.22224149294113565,3797,32357,0.11734709645517198,68,272544,0.38106709258391125,0.30491432353925024
162,FUSION,6,0,2,0.2048176124856017,15.143008512218055,26,649,0.040061633281972264,29867,32357,0.9230460178632135,5,272765,0.3824988938942107,0.30520089801392036
163,FUSION,6,0,6,0.36441534894756683,19.96237645139174,7016,29058,0.24144813820634592,4460,32357,0.1378372531446055,65,272283,0.37831090005332624,0.3047750251127942
164,FUSION,6,0,0,0.39149212956263063,13.196854461979052,4729,18999,0.24890783725459234,14001,32357,0.4327038971474488,55,272399,0.36832906344290556,0.3049184224684907
165,FUSION,6,3,1,0.4178320844250235,16.43294862511134,7889,25269,0.3122007202501088,5290,32357,0.16348858052353432,50,154973,0.32619108188359325,0.30460586427133296
166,FUSION,6,3,6,0.42552091738897824,21.163279243883814,8116,25571,0.31739079425912164,4790,32357,0.14803597366875793,37,154723,0.3305696997841114,0.30414011618781117
167,FUSION,6,3,3,0.42093156333230086,18.407187116100765,7556,24361,0.3101678913016707,5292,32357,0.16355039095095342,50,154374,0.3314953397616141,0.3048014078990068
168,FUSION,6,3,13,0.4347427920530348,19.207634866955633,8058,24291,0.3317278004199086,5642,32357,0.1743672157492969,34,155345,0.326399410852848,0.30417440069522783
169,FUSION,6,3,14,0.4273281719553096,13.723670986572232,8425,24454,0.3445244131839372,5098,32357,0.15755477949130017,45,155499,0.328464954989762,0.3041455366073602
170,FUSION,6,3,4,0.41793260149677014,17.264548661125026,7142,23292,0.3066288854542332,5599,32357,0.17303829155978614,61,155033,0.3284977180450023,0.3047775889859341
171,FUSION,6,3,5,0.41570937991824425,11.777682018438611,7415,24543,0.3021228048730799,5618,32357,0.17362549062026764,47,155163,0.3282342234654213,0.3047953462751725
172,FUSION,6,3,8,0.4217571726361696,15.390281262641299,6371,21648,0.29429970436068,5318,32357,0.1643539265074018,51,154641,0.3292987861625143,0.3039006786858475
173,FUSION,6,3,7,0.4281611719484906,14.891743791032036,7915,24737,0.3199660427699398,5472,32357,0.16911332941867294,43,155947,0.3323570644299601,0.30480461335805137
174,FUSION,6,3,2,0.41534016591372375,21.154754956067197,7350,24013,0.3060842043892891,5626,32357,0.17387273232994407,41,155241,0.3269967064166444,0.3046799439432502
175,FUSION,6,3,10,0.42526016413519285,16.40475428883036,7607,25197,0.301901019962694,5693,32357,0.1759433816484841,38,155493,0.32735676453094287,0.30450890787892254
176,FUSION,6,3,9,0.4247740118495858,17.028570084784803,7984,24224,0.3295904887714663,5491,32357,0.16970052847915443,40,154269,0.33146315479360705,0.3043872427685829
177,FUSION,6,3,11,0.4282804016564732,14.545451568111014,7647,23423,0.32647397856807414,5091,32357,0.1573384429953333,41,155436,0.3316826770017887,0.30410441023558965
178,FUSION,6,3,12,0.4564607291106064,17.40446930899776,6486,17698,0.3664820883715674,16239,32357,0.501869765429428,21,155624,0.3372829333404822,0.30441599933406976
179,FUSION,6,3,0,0.42703368318213736,20.691754954938038,7910,24142,0.32764476845331786,5478,32357,0.16929876070093025,40,153469,0.33051168345094134,0.30419749073360275
180,STEREO,6,2,11,0.1996857180893502,13.643531343395695,339,13354,0.025385652239029503,11635,32357,0.35958216151064687,67,188784,,
181,STEREO,6,2,5,0.21623534266765565,15.64023890105269,449,13890,0.03232541396688265,10862,32357,0.3356924313131625,76,188988,,
182,STEREO,6,2,9,0.21561887703383012,18.321152538947047,657,13544,0.04850856467808624,11569,32357,0.3575424174058164,80,189119,,
183,STEREO,6,2,10,0.21097190931156157,18.709929561705923,497,13712,0.03624562427071178,11627,32357,0.35933491980097043,77,188566,,
184,STEREO,6,2,7,0.20630910508120764,13.380419379118962,446,13790,0.03234227701232777,11344,32357,0.350588744321167,73,188785,,
185,STEREO,6,2,0,0.20507202378471093,14.588168315655505,492,13367,0.036807062168025734,11692,32357,0.36134375869209134,68,188833,,
186,STEREO,6,2,14,0.21470622786453772,16.263222248210415,368,14372,0.0256053437239076,11187,32357,0.3457366257687672,70,188818,,
187,STEREO,6,2,4,0.210586868650033,15.536930537435683,576,13968,0.041237113402061855,11251,32357,0.3477145594461786,72,189013,,
188,STEREO,6,2,12,0.21878438913740544,20.358261999849674,516,13905,0.037108953613807984,11171,32357,0.34524214234941436,75,188716,,
189,STEREO,6,2,8,0.22127150249299327,17.70653004321023,558,14234,0.039201910917521426,11123,32357,0.3437586920913558,83,188875,,
190,STEREO,6,2,1,0.20412383547742946,14.662208420102653,503,13389,0.037568152961386214,11420,32357,0.352937540563093,75,188777,,
191,STEREO,6,2,13,0.20414370767120457,15.367753715975937,453,13498,0.03356052748555342,12044,32357,0.37222239391785394,63,189045,,
192,STEREO,6,2,2,0.2075005011445022,15.478011323976549,510,13230,0.03854875283446712,11172,32357,0.3452730475631239,79,189031,,
193,STEREO,6,2,6,0.2055295615222468,16.527053875311886,478,13552,0.035271546635183,11618,32357,0.3590567728775845,68,189060,,
194,STEREO,6,2,3,0.22003780109191765,12.94589888259348,404,13596,0.029714621947631657,11505,32357,0.355564483728405,74,188765,,
195,STEREO,6,1,14,0.20936981758256062,20.960081085278087,797,25712,0.030997199751088986,3684,32357,0.11385480730599253,80,255132,,
196,STEREO,6,1,13,0.22483645999107835,19.405383185704277,962,26612,0.03614910566661656,4264,32357,0.13177983125753315,77,255327,,
197,STEREO,6,1,0,0.22076462452988171,16.170188194771647,850,26189,0.03245637481385315,3632,32357,0.11224773619309578,78,254865,,
198,STEREO,6,1,1,0.22621318224135104,20.54733122451686,1439,26536,0.05422821826952065,4228,32357,0.13066724356398923,85,254844,,
199,STEREO,6,1,6,0.2270466028142512,24.53574986860242,1215,24852,0.048889425398358284,5730,32357,0.17708687455573754,78,254864,,
200,STEREO,6,1,10,0.21114795194185743,21.850573507623082,1483,26680,0.055584707646176915,3353,32357,0.10362518156813054,82,255173,,
201,STEREO,6,1,2,0.22575436838116464,21.336781027586312,1925,27562,0.06984253682606487,4303,32357,0.1329851345922057,78,255200,,
202,STEREO,6,1,8,0.22602037945764025,18.430946847464664,1386,26877,0.05156825538564572,3825,32357,0.11821244243903947,95,254780,,
203,STEREO,6,1,7,0.2282381283363362,20.75566294011249,1305,27088,0.04817631423508565,3675,32357,0.11357666038260654,90,254976,,
204,STEREO,6,1,5,0.21812069141016904,20.631284015258792,724,25887,0.027967705798277127,3917,32357,0.12105572210031833,83,255733,,
205,STEREO,6,1,12,0.21867662482010589,23.03244377441463,1616,27303,0.05918763505841849,3820,32357,0.1180579163704917,79,255019,,
206,STEREO,6,1,3,0.21934036716029584,21.515802263155184,856,26490,0.03231408078520196,3804,32357,0.11756343295113886,81,255069,,
207,STEREO,6,1,11,0.21944813411495143,19.503066010497896,1418,27376,0.05179719462302747,3892,32357,0.12028309175757951,76,255203,,
208,STEREO,6,1,9,0.22084406871673273,22.138835986396618,1452,27051,0.05367638904291893,3806,32357,0.11762524337855797,87,254982,,
209,STEREO,6,1,4,0.20460979360147005,19.068537337010564,1004,25742,0.03900240851526688,4347,32357,0.13434496399542603,80,255120,,
210,STEREO,6,0,5,0.22829501163952406,18.39758347334426,1514,36442,0.041545469513199054,2566,32357,0.07930277837871248,70,271011,,
211,STEREO,6,0,12,0.22920489747842301,17.892140642628338,2209,37468,0.05895697662004911,2705,32357,0.08359860308434033,61,271047,,
212,STEREO,6,0,14,0.22665062275622114,19.372195408251976,1792,37209,0.04816039130317934,2426,32357,0.0749760484593751,62,270876,,
213,STEREO,6,0,10,0.23002714060775842,20.419617738531223,1493,37222,0.04011068722798345,2430,32357,0.0750996693142133,63,270856,,
214,STEREO,6,0,6,0.2250055418973322,17.607077578128536,2019,36611,0.055147360083035155,2399,32357,0.07414160768921717,68,271104,,
215,STEREO,6,0,2,0.22664484149763423,19.8745635849114,2062,36999,0.05573123597935079,2598,32357,0.08029174521741818,62,270962,,
216,STEREO,6,0,0,0.23436495002210206,19.272319940783163,1754,37049,0.04734270830521742,2340,32357,0.07231820008035356,71,271046,,
217,STEREO,6,0,11,0.22423748695279366,19.023117398649102,1763,37081,0.04754456460181764,2613,32357,0.08075532342306146,59,271065,,
218,STEREO,6,0,1,0.23590261570648205,15.24018679218811,2129,37823,0.056288501705311585,2309,32357,0.07136013845535742,64,270982,,
219,STEREO,6,0,7,0.22279575403622973,18.481491772364823,2393,37073,0.06454832357780595,2585,32357,0.07988997743919399,64,270939,,
220,STEREO,6,0,8,0.22735329637171744,17.231664998884643,2026,36667,0.05525404314506232,2798,32357,0.08647278795932874,63,271081,,
221,STEREO,6,0,3,0.22841009633458037,18.759409481354982,2261,37216,0.060753439380911434,2583,32357,0.07982816701177489,65,271010,,
222,STEREO,6,0,4,0.23990708218635634,16.79031235352329,1608,36329,0.04426215970712103,2578,32357,0.07967364094322713,60,270983,,
223,STEREO,6,0,9,0.22941991130395956,14.201729280131453,1624,36455,0.04454807296667124,2672,32357,0.08257873103192509,55,271223,,
224,STEREO,6,3,0,0.24977667881090718,14.321218958163602,1025,7975,0.12852664576802508,17502,32357,0.5409030503445932,68,151110,,
225,STEREO,6,3,9,0.2683117472785179,13.7293981933876,861,8829,0.09751953788651037,17089,32357,0.5281391970825479,75,151333,,
226,STEREO,6,3,11,0.27079082715310543,20.254100478509898,991,8807,0.11252412853412058,17371,32357,0.5368544673486417,65,151683,,
227,STEREO,6,3,14,0.26047617131641143,13.294608259909674,635,7782,0.08159856078129016,17459,32357,0.5395741261550824,63,151755,,
228,STEREO,6,3,4,0.25691053545391007,13.90785065607329,794,8662,0.09166474255368275,16107,32357,0.497790277219767,62,151555,,
229,STEREO,6,3,8,0.26030657071248947,17.057966209162416,816,8500,0.096,16678,32357,0.5154371542479216,69,152037,,
230,STEREO,6,3,3,0.26843927891388053,19.00139384927159,715,7897,0.0905407116626567,16359,32357,0.5055783910745743,78,151402,,
231,STEREO,6,3,13,0.23889911504656836,15.608655272168976,704,7991,0.08809911150043799,16382,32357,0.506289210989894,63,151739,,
232,STEREO,6,3,5,0.24283497248575076,14.382261679689606,555,8158,0.06803138024025497,16845,32357,0.520598324937417,61,151650,,
233,STEREO,6,3,7,0.26622139855303983,16.408448262295703,847,8187,0.1034566996457799,16462,32357,0.5087616280866583,67,151724,,
234,STEREO,6,3,2,0.2598454488128843,16.274597217668628,801,8461,0.09466966079659615,16889,32357,0.5219581543406373,55,151837,,
235,STEREO,6,3,1,0.255321135715058,15.03588972171371,845,8470,0.09976387249114523,16998,32357,0.5253268226349785,64,151029,,
236,STEREO,6,3,10,0.25889897817734775,15.72282193504996,820,7906,0.10371869466228181,16979,32357,0.524739623574497,65,151707,,
237,STEREO,6,3,12,0.2663472446571633,14.8030812664837,638,7533,0.0846940130094252,17273,32357,0.5338257564051055,62,151482,,
238,STEREO,6,3,6,0.24969117205120941,16.05587203369162,809,8793,0.09200500398043898,16738,32357,0.5172914670704948,67,151411,,
239,FUSION,9,2,11,0.4082496677144443,18.043846165144654,7649,22106,0.346014656654302,5125,26289,0.1949484575297653,21,210853,0.3722236797648949,0.30854792533655884
240,FUSION,9,2,14,0.4144875366482066,24.36112488929737,6764,22841,0.29613414473972244,4247,26289,0.16155045836661722,26,210174,0.37334496518095095,0.3084703759944185
241,FUSION,9,2,9,0.39535093970473667,18.02833916596691,4200,15638,0.26857654431512984,9576,26289,0.3642588154741527,18,209562,0.37224014974721575,0.30774543729759535
242,FUSION,9,2,10,0.40091570406782473,20.59778131276055,6819,23207,0.2938337570560607,4442,26289,0.1689680094336034,20,210222,0.36683926744926404,0.3087156563333684
243,FUSION,9,2,7,0.40949665001448404,16.339113402888884,5530,19435,0.28453820427064574,4558,26289,0.1733805013503747,46,209926,0.3778534477079081,0.30875614869712603
244,FUSION,9,2,4,0.41979162757420546,16.625786891969714,6960,22169,0.3139519148360323,4449,26289,0.1692342804975465,21,211367,0.3749671676853398,0.30858356659210856
245,FUSION,9,2,12,0.41132255828286457,9.104026786067529,596,3061,0.1947076118915387,22906,26289,0.8713149986686447,5,216722,0.3638315429706776,0.30714145312943963
246,FUSION,9,2,3,0.4271003773245628,6.737245839990089,482,2541,0.18968909878000786,23286,26289,0.8857697135684126,7,216466,0.37570651990626563,0.30691455716566013
247,FUSION,9,2,1,0.4215959819144712,16.67689875743293,8091,23813,0.33977239323058833,4629,26289,0.17608125071322606,23,209374,0.36664496065237323,0.30825656142732144
248,FUSION,9,2,2,0.415469711368724,19.195590754083966,6132,18243,0.33612892616345996,4930,26289,0.18753090646277912,30,210283,0.37189792107283925,0.30852791532793
249,FUSION,9,2,0,0.4158085807685811,23.217646063194035,6881,20933,0.32871542540486315,4991,26289,0.18985126859142606,24,208292,0.41572211599349973,0.30370252157952327
250,FUSION,9,2,5,0.40387639286888266,12.252204219883012,6087,20290,0.3,4715,26289,0.17935258092738407,24,210053,0.36192753713720766,0.3088088364029309
251,FUSION,9,2,8,0.4253476115384239,15.774002774345645,8133,23362,0.34812944097251947,4524,26289,0.17208718475407966,20,216057,0.3730179139528456,0.3079943327613957
252,FUSION,9,2,13,0.420753095589564,6.90214263414826,3125,10372,0.30129193983802544,15943,26289,0.6064513674921069,8,208430,0.3694486513460043,0.3080562379651298
253,FUSION,9,2,6,0.41451123526449785,19.28142248136333,7438,22602,0.32908592159985844,4591,26289,0.17463577922324927,29,209586,0.37060732733763924,0.30887616956671116
254,FUSION,9,1,9,0.3788944668102161,13.327474783395715,6274,25195,0.24901766223457036,3502,26289,0.13321160941838792,45,265248,0.38792423560069156,0.30860184858252476
255,FUSION,9,1,11,0.38272455334708094,6.855874844864451,2599,11644,0.2232050841635177,13340,26289,0.5074365704286964,18,265072,0.3707024418924992,0.3092386406801996
256,FUSION,9,1,3,0.40099432172579413,5.098939786230517,3242,13793,0.23504676285072137,12031,26289,0.45764388147133783,15,264844,0.38474564664019906,0.3094955214432308
257,FUSION,9,1,4,0.3813644644574528,10.960563806880307,5993,24587,0.2437466954081425,4022,26289,0.15299174559701775,36,264946,0.39627173077196753,0.30856425189122955
258,FUSION,9,1,5,0.3879747672769047,8.680047857479904,2448,12364,0.19799417664186347,13649,26289,0.519190535965613,30,264354,0.3744024261563909,0.30796970243162136
259,FUSION,9,1,13,0.3808189912803939,21.065091139314305,6223,21812,0.28530166880616176,3432,26289,0.13054889877895698,35,268267,0.40480043092509355,0.31022770125940563
260,FUSION,9,1,14,0.3704735642420162,16.187844616481833,4469,20361,0.2194882373164383,4097,26289,0.15584464985355093,53,264315,0.3743445312275606,0.3086884663836791
261,FUSION,9,1,10,0.3930845731573178,1.7911076265383323,1614,7807,0.20673754323043422,17544,26289,0.6673513636882347,15,264703,0.38068171092192427,0.30906611539068674
262,FUSION,9,1,7,0.36835373549371736,18.168820453454956,5627,24515,0.22953293901692842,3360,26289,0.12781011069268516,48,264346,0.3750192849519951,0.30838038423766484
263,FUSION,9,1,2,0.3830930072291509,8.011302696792946,2577,13053,0.197425879108251,12650,26289,0.48118985126859143,24,264646,0.3815465134247032,0.30822180075275385
264,FUSION,9,1,0,0.3777837949678359,14.321319771454544,6868,25474,0.2696082279971736,3446,26289,0.13108144090684318,40,264295,0.38693974597874115,0.3081013274922423
265,FUSION,9,1,12,0.3702989162204661,19.232027753640978,4549,20251,0.22463088242555923,5226,26289,0.19879036859522994,47,264475,0.38829943817746365,0.3076445379200772
266,FUSION,9,1,8,0.37076500735094897,17.176148154933014,5985,24104,0.2482990375041487,3763,26289,0.1431397162311233,52,264225,0.38804690860142216,0.3087298069056954
267,FUSION,9,1,6,0.40730101913967787,7.161252855108584,385,2538,0.1516942474389283,23219,26289,0.8832211190992431,7,264653,0.3805991467281894,0.3080640454370081
268,FUSION,9,1,1,0.3707847481411914,12.885368867826967,6525,24564,0.2656326331216414,3242,26289,0.123321541329073,43,266739,0.3819092074129289,0.30748016297134445
269,FUSION,9,0,13,0.35764433524260486,15.914447077842723,5432,27984,0.19411092052601486,3627,26289,0.13796644984594317,40,275422,0.3924375657528994,0.3078095432046619
270,FUSION,9,0,10,0.3742339790857671,13.98427709004195,5481,23764,0.2306429893957246,4152,26289,0.1579367796416752,49,276101,0.3956940127175952,0.3093621935602925
271,FUSION,9,0,7,0.3671787789782921,18.97704557873058,7211,30195,0.23881437324060276,3416,26289,0.1299402792042299,41,276002,0.393085003651279,0.3103858287682161
272,FUSION,9,0,11,0.3768037876182749,20.034591489670706,6432,30063,0.21395070352260254,3849,26289,0.1464110464452813,41,275792,0.3847286627661807,0.3086674956624193
273,FUSION,9,0,6,0.3693102170634533,15.86476241196534,5756,27877,0.20647845894464972,3440,26289,0.13085320856632052,48,276011,0.40872508654588174,0.30688347244168873
274,FUSION,9,0,3,0.3655720055375871,16.503537087778167,3286,16535,0.19872996673722407,9806,26289,0.37300772186085435,37,275873,0.3841385371579325,0.3093821635795018
275,FUSION,9,0,1,0.36023518211761324,19.948455606656875,5395,27073,0.19927603147046874,3516,26289,0.13374415154627411,44,275972,0.39305914559352306,0.31000568045944465
276,FUSION,9,0,2,0.36937427050398597,19.359982682586264,6858,30480,0.225,3090,26289,0.11753965536916582,36,276077,0.3988890781779919,0.3102746400482723
277,FUSION,9,0,14,0.35712612479739714,20.524297264603668,5859,26196,0.22366010077874485,3614,26289,0.13747194644147742,37,275855,0.39413556230790686,0.3086902641507581
278,FUSION,9,0,9,0.3650821068356944,20.927968050152014,7097,29927,0.23714371637651618,2679,26289,0.10190574004336414,45,275466,0.39776952263118626,0.3071349127976983
279,FUSION,9,0,0,0.3787713743359042,5.372301890815236,2369,9764,0.24262597296190086,16646,26289,0.6331925900566777,14,276103,0.39350451482048854,0.3096644460711231
280,FUSION,9,0,5,0.3593168967506396,19.84303800709551,5231,25887,0.20207053733534205,4156,26289,0.158088934535357,39,276004,0.39111052046443584,0.3086468075668305
281,FUSION,9,0,8,0.395257984498168,6.306395370361401,632,2947,0.21445537835086528,21829,26289,0.8303472935448286,18,275670,0.3955265069919857,0.307938100226382
282,FUSION,9,0,12,0.34986099787816716,21.205519750976123,5892,26582,0.22165375065834023,3533,26289,0.13439080984442162,39,276254,0.3997758880590859,0.3088928558208324
283,FUSION,9,0,4,0.35099975611225176,19.04090808191169,5017,26565,0.1888575192923019,3651,26289,0.13887937920803378,43,275657,0.3931537737031246,0.3073217539986823
284,FUSION,9,3,25,0.42201113369251525,5.855798908227255,952,3515,0.27083926031294453,22388,26289,0.8516109399368558,6,175627,0.3536412518581295,0.30849224287725463
285,FUSION,9,3,20,0.42002487549276635,17.531761905523112,6077,16433,0.3698046613521572,5274,26289,0.20061622731941117,52,176549,0.35908138889163493,0.30862740404410133
286,FUSION,9,3,18,0.4184705841999191,8.99160504894239,5580,15868,0.35165112175447444,5001,26289,0.19023165582563048,39,187152,0.35304590398061486,0.3076902320736075
287,FUSION,9,3,21,0.4389864432440605,10.235556363268193,5696,15268,0.37306785433586587,5493,26289,0.20894670774848795,31,175945,0.3621345325075652,0.3089960867869488
288,FUSION,9,3,16,0.41531130194291144,16.06513437689853,5375,15398,0.349071307962073,5769,26289,0.21944539541252994,43,176363,0.35175430767965127,0.3087217878587175
289,FUSION,9,3,24,0.43540682633063554,16.589131428070502,6259,17464,0.35839441136051303,5454,26289,0.2074631975350907,47,178474,0.35956562685348115,0.3091152152429423
290,FUSION,9,3,12,0.41721091103019753,17.25526654408682,5516,16069,0.343269649635945,4886,26289,0.18585720263227967,60,176847,0.3549541799788595,0.3076292837713454
291,FUSION,9,3,23,0.4296852535107484,12.835177227092974,6290,17716,0.3550462858433055,4450,26289,0.16927231922096694,35,186834,0.36205996847584887,0.3068735301367401
292,FUSION,9,3,13,0.40446464708351804,9.683148874909733,3027,12224,0.2476276178010471,10564,26289,0.4018410742135494,21,175810,0.36038949668751974,0.3087848176337398
293,FUSION,9,3,14,0.43292251290971157,15.783206651391255,5534,16144,0.34278989098116946,5249,26289,0.1996652592339001,45,178069,0.35546848306894846,0.3083785999669388
294,FUSION,9,3,22,0.42056703317811317,20.38124963754286,5100,15526,0.3284812572459101,4967,26289,0.18893833922933545,47,175242,0.35779955355654625,0.3081054328222991
295,FUSION,9,3,15,0.4304099880652399,12.799411423006752,5806,15890,0.36538703587161736,5172,26289,0.19673627753052608,49,176119,0.3525445794357973,0.30807724944212267
296,FUSION,9,3,19,0.43143725774191405,21.104214623934762,6079,15921,0.38182274982727216,5735,26289,0.21815207881623494,47,178682,0.3535751731167175,0.3084106464187796
297,STEREO,9,2,6,0.24484249940388342,12.57024007858055,1504,10737,0.1400763714259104,11438,26289,0.4350869184830157,58,209238,,
298,STEREO,9,2,3,0.2194770645844251,14.777099584056188,1156,10108,0.11436485951721409,10142,26289,0.3857887329301229,67,201561,,
299,STEREO,9,2,1,0.2504789954512375,12.55402524280479,1179,10779,0.10937934873364877,10911,26289,0.4150405112404428,60,201821,,
300,STEREO,9,2,13,0.24190946422377785,15.071898979455952,1584,11029,0.14362136186417626,11158,26289,0.4244360759252919,58,209111,,
301,STEREO,9,2,0,0.23711781196456344,13.596823455118638,1386,11522,0.12029161603888214,9917,26289,0.3772300201605234,59,201301,,
302,STEREO,9,2,4,0.24793359058283992,13.216192668978929,1322,11957,0.1105628502132642,9764,26289,0.3714100954771958,54,201177,,
303,STEREO,9,2,12,0.2420812191898226,9.947081042773387,1618,11761,0.13757333560071422,10547,26289,0.4011944159154019,61,201664,,
304,STEREO,9,2,5,0.24470136478676996,11.697128521256374,1351,11208,0.12053890078515346,9752,26289,0.37095363079615046,64,201573,,
305,STEREO,9,2,7,0.21888533450564734,12.43988647092782,908,10716,0.0847331093691676,10374,26289,0.3946137167636654,67,201663,,
306,STEREO,9,2,9,0.22252277366775125,12.36774368869831,1124,10218,0.1100019573302016,10744,26289,0.40868804442922896,63,201910,,
307,STEREO,9,2,11,0.23650187065349568,11.641605947494245,1508,11695,0.12894399315946986,9856,26289,0.3749096580318764,59,201779,,
308,STEREO,9,2,8,0.24775147142429124,11.934469856295076,1434,11209,0.12793291105361762,10761,26289,0.4093347027273765,64,201677,,
309,STEREO,9,2,10,0.24630070607225657,15.961199156487655,1298,11043,0.11754052340849407,11045,26289,0.420137700178782,57,209416,,
310,STEREO,9,2,2,0.23992119619613847,14.863520787035737,1435,11306,0.12692375729701044,11386,26289,0.43310890486515274,62,209139,,
311,STEREO,9,2,14,0.25359540022267857,16.17778157616916,1442,11567,0.12466499524509381,10326,26289,0.3927878580394842,60,201199,,
312,STEREO,9,1,2,0.2356062729390811,15.188973132748217,1206,26572,0.045386120728586485,2917,26289,0.11095895621742935,58,261090,,
313,STEREO,9,1,1,0.2335416118958577,14.128617772181723,1351,26954,0.050122430808043336,3043,26289,0.11575183536840504,69,263441,,
314,STEREO,9,1,9,0.2340567915407165,16.068049029009977,1662,26720,0.06220059880239521,3013,26289,0.11461067366579178,58,261211,,
315,STEREO,9,1,6,0.23434457701287656,13.1191686120092,1462,26425,0.05532639545884579,3028,26289,0.1151812545170984,61,260696,,
316,STEREO,9,1,12,0.23856261564310513,11.425432925655617,1777,27239,0.06523734351481332,2808,26289,0.10681273536460116,61,261237,,
317,STEREO,9,1,13,0.22640132346764136,15.862261368883788,964,25847,0.03729639803458815,2963,26289,0.11270873749476967,61,261245,,
318,STEREO,9,1,8,0.2272548856797039,16.581156818592998,1512,26336,0.05741190765492102,2721,26289,0.10350336642702271,59,261316,,
319,STEREO,9,1,3,0.23382696423817068,12.911618589186725,1835,27361,0.06706626219801907,3011,26289,0.11453459621895089,65,260882,,
320,STEREO,9,1,11,0.23130422010998244,14.530801989794966,1776,26854,0.06613539882326655,2964,26289,0.11274677621819011,58,260971,,
321,STEREO,9,1,14,0.2262130973173591,14.31358967480966,1407,26011,0.05409249932720772,3108,26289,0.11822435239073377,61,261229,,
322,STEREO,9,1,4,0.22871725065755072,16.924260483498106,1382,26393,0.05236236880991172,2970,26289,0.11297500855871277,77,260830,,
323,STEREO,9,1,0,0.2253671252180852,14.516831344559057,1179,25940,0.045451040863531224,2893,26289,0.11004602685533874,58,261015,,
324,STEREO,9,1,7,0.23239913657216324,11.70226915103643,1830,26325,0.06951566951566951,3428,26289,0.13039674388527522,57,261196,,
325,STEREO,9,1,10,0.23398247410490605,13.535959707929557,1184,26171,0.045240915517175496,3049,26289,0.11598006770892769,67,261114,,
326,STEREO,9,1,5,0.23216374221971878,14.831809057395114,1406,26175,0.053715377268385864,3268,26289,0.12431054813800449,70,261116,,
327,STEREO,9,0,10,0.24876713362239586,14.211062198460171,1751,35737,0.04899683801102499,1948,26289,0.07409943322302104,55,274561,,
328,STEREO,9,0,12,0.2441367360383594,11.30943473166861,1874,37387,0.05012437478267847,1888,26289,0.07181710981779452,60,274497,,
329,STEREO,9,0,0,0.24668583752479134,7.90725154368164,1731,36859,0.04696274993895656,1582,26289,0.06017726045113926,60,274537,,
330,STEREO,9,0,5,0.2556968992026682,14.849249998085172,1953,38457,0.05078399251111631,1885,26289,0.07170299364753319,53,273601,,
331,STEREO,9,0,11,0.242861813886334,12.81650049987298,1513,37728,0.04010284139100933,1701,26289,0.06470386853817185,52,274539,,
332,STEREO,9,0,4,0.24680169910605798,9.546551467293188,1379,36747,0.03752687294200887,1906,26289,0.07250180683936247,56,273428,,
333,STEREO,9,0,2,0.23399328703364303,9.305289041025473,1383,35784,0.0386485580147552,1814,26289,0.06900224428468181,57,273911,,
334,STEREO,9,0,14,0.24131360916242017,16.66121282211931,1603,36375,0.04406872852233677,1928,26289,0.0733386587546122,49,274528,,
335,STEREO,9,0,7,0.2412172952112376,9.740549930818215,1422,36036,0.039460539460539464,1971,26289,0.0749743238616912,56,274563,,
336,STEREO,9,0,3,0.2478720880992164,12.596096580599866,2291,37997,0.060294233755296474,1887,26289,0.07177907109437408,60,274539,,
337,STEREO,9,0,13,0.23888692395693173,14.815612609910142,1270,36576,0.034722222222222224,2119,26289,0.08060405492791661,57,274477,,
338,STEREO,9,0,9,0.24264934446303585,16.382433163597756,1232,36321,0.033919770931417084,1672,26289,0.06360074555897904,65,274465,,
339,STEREO,9,0,1,0.24227049643703794,15.74228086921175,1512,36316,0.04163454124903624,1894,26289,0.07204534215831716,67,274447,,
340,STEREO,9,0,6,0.24480996742160954,14.044588966241932,1594,37248,0.042794243986254296,2062,26289,0.07843584769295142,54,274442,,
341,STEREO,9,0,8,0.2513861303709995,8.938641109538382,1475,37386,0.03945327127801851,1925,26289,0.07322454258435086,61,274655,,
342,STEREO,9,3,9,0.2874811184618471,12.551317454094411,1238,7011,0.17657966053344745,15985,26289,0.6080489938757655,47,168341,,
343,STEREO,9,3,3,0.29138518657151347,9.157375211897417,1736,7702,0.22539600103869126,16333,26289,0.6212864696260794,49,179057,,
344,STEREO,9,3,12,0.2917261989084176,7.888899694006078,1755,7253,0.24196884047980147,16352,26289,0.6220092053710677,44,168652,,
345,STEREO,9,3,11,0.2675244268486295,11.74043715908272,1390,6651,0.20899112915351076,16091,26289,0.6120810985583324,54,168902,,
346,STEREO,9,3,7,0.27070548942356637,5.9759222024390635,1229,6624,0.18553743961352656,16582,26289,0.6307581117577694,53,169016,,
347,STEREO,9,3,14,0.2711359462560177,9.37241470332334,1619,7122,0.2273237854535243,15835,26289,0.6023431853626993,52,168812,,
348,STEREO,9,3,4,0.27241660590235917,8.422784598106512,1515,6655,0.22764838467317805,15936,26289,0.6061850964281639,51,167978,,
349,STEREO,9,3,8,0.2774172713648349,4.883050730079472,1361,6410,0.2123244929797192,16475,26289,0.6266879683517821,57,168638,,
350,STEREO,9,3,6,0.26478827644929664,6.700991705607013,1843,6995,0.2634739099356683,16064,26289,0.6110540530259805,58,167868,,
351,STEREO,9,3,2,0.27111081885505756,7.088912213490131,1904,7137,0.26677875858203726,16653,26289,0.6334588611206208,47,178842,,
352,STEREO,9,3,5,0.2416126647276838,12.265633150669608,1361,5901,0.23063887476698863,16217,26289,0.6168739777093081,51,168324,,
353,STEREO,9,3,13,0.2692541275585277,9.263916665704757,1735,6986,0.24835385055825937,16517,26289,0.6282855947354407,46,168377,,
354,STEREO,9,3,1,0.27924745171404597,9.66429561431612,1566,7054,0.222001701162461,15608,26289,0.5937083951462588,50,168432,,
355,STEREO,9,3,10,0.28706541311834805,5.823789141180059,1261,6624,0.19036835748792272,16809,26289,0.6393929019742097,52,169068,,
356,STEREO,9,3,0,0.27012532574033543,8.858067401278054,1170,6491,0.18024957633646588,15687,26289,0.5967134542964738,53,168416,,
357,FUSION,7,2,11,0.42592078090935587,26.595012910250638,10602,20068,0.5283037671915487,1725,14720,0.1171875,70,194651,0.3383284170005111,0.3047202437674194
358,FUSION,7,2,7,0.4365602736572846,29.69948868808863,10309,19102,0.5396817087215998,1859,14720,0.12629076086956523,58,194135,0.3426163329018487,0.3024124891649814
359,FUSION,7,2,10,0.42650941837366807,30.88579074343107,8628,18054,0.4778996344300432,1843,14720,0.12520380434782608,64,194106,0.3395570793957161,0.304589795496985
360,FUSION,7,2,4,0.4293588436561121,28.786558510151554,9342,18152,0.5146540326134861,2097,14720,0.1424592391304348,64,193812,0.33886378632360326,0.3054075570722478
361,FUSION,7,2,13,0.43177926836358843,28.74708136443154,9962,19134,0.520643880004181,1820,14720,0.12364130434782608,73,194535,0.3309025573602516,0.3045805500779637
362,FUSION,7,2,8,0.4380313386271607,30.158515351900924,11337,20519,0.5525123056679175,1399,14720,0.09504076086956521,65,194938,0.33274543762636033,0.30461854235828534
363,FUSION,7,2,12,0.42992853324632446,29.438835730094443,10220,19058,0.5362577395319551,1622,14720,0.11019021739130434,66,194771,0.33467907568835303,0.3047073624868566
364,FUSION,7,2,2,0.3994001224334362,41.33712077000783,280,850,0.32941176470588235,13087,14720,0.8890625,8,194253,0.3336051522986753,0.3047349470647595
365,FUSION,7,2,5,0.4379910706491301,28.86186232005359,8456,16041,0.5271491802256717,1588,14720,0.1078804347826087,63,195272,0.3387527392645577,0.3045465642898453
366,FUSION,7,2,3,0.43170908544421843,28.495421325822686,9757,18897,0.516325342646981,1792,14720,0.12173913043478261,78,194781,0.33532649000467735,0.3047733636821514
367,FUSION,7,2,1,0.4282818807808359,28.16193229832452,9292,18198,0.5106055610506649,1726,14720,0.11725543478260869,82,193987,0.33706655448009865,0.30469642331611974
368,FUSION,7,2,9,0.4309609098958658,28.750366670020462,9994,18973,0.5267485373952459,1800,14720,0.12228260869565218,51,196268,0.3308606643582926,0.30466750219979827
369,FUSION,7,2,0,0.42305386956935476,30.499916760389855,9479,17828,0.53169172088849,1920,14720,0.13043478260869565,64,193858,0.339566755119653,0.30520258981041115
370,FUSION,7,2,14,0.428367783295584,33.14904935900358,10357,18961,0.5462264648489004,1596,14720,0.10842391304347826,77,194530,0.33831792832729096,0.30468838859752845
371,FUSION,7,1,7,0.38594504096616694,25.850537989241474,7919,19925,0.3974404015056462,1793,14720,0.1218070652173913,77,248226,0.364342773720168,0.30469538313160227
372,FUSION,7,1,4,0.3679523062149448,31.611507218324178,7361,18681,0.39403672180290134,1889,14720,0.1283288043478261,69,245652,0.3865882216825256,0.3191500459898125
373,FUSION,7,1,5,0.3825151811852103,28.520000213656346,6606,19256,0.343061902783548,1078,14720,0.07323369565217391,67,245775,0.364418468804195,0.3080528856960873
374,FUSION,7,1,13,0.3854869155213455,30.99323676162709,9013,21669,0.41593982186533757,1517,14720,0.1030570652173913,79,245836,0.35582797019283263,0.30525471019784234
375,FUSION,7,1,1,0.3828473172135574,29.20265510961443,7820,19779,0.3953688255220183,1579,14720,0.10726902173913043,74,247323,0.37810470354940795,0.30583360383411046
376,FUSION,7,1,10,0.37195786022482513,31.137663298686284,7434,19643,0.3784554294150588,1689,14720,0.11474184782608696,69,246527,0.3570977900479291,0.30470355485966416
377,FUSION,7,1,6,0.3892253219464604,29.917833662183963,8405,20311,0.41381517404362167,1761,14720,0.11963315217391304,79,246509,0.36476166498608165,0.3074432629790106
378,FUSION,7,1,9,0.3385442840953068,32.14032487311456,2979,7224,0.412375415282392,8562,14720,0.5816576086956522,39,246137,0.36182377239311236,0.30494421902316127
379,FUSION,7,1,2,0.40789744888162394,28.22718239640261,8773,20215,0.43398466485283205,2205,14720,0.14979619565217392,53,247221,0.36573584701703943,0.30685711450640046
380,FUSION,7,1,12,0.3902574767677512,31.35029116322533,8851,21635,0.40910561590016176,1716,14720,0.11657608695652173,58,246216,0.35833882881423174,0.30309138196455265
381,FUSION,7,1,0,0.38407958803640924,25.412837977125253,7624,19014,0.40096770800462816,1362,14720,0.09252717391304348,76,246737,0.3671812669219213,0.3072217803856859
382,FUSION,7,1,8,0.38855549151158375,30.71327925612084,6268,15049,0.41650608013821516,3571,14720,0.24259510869565218,63,246529,0.35444840871955297,0.30720414191295936
383,FUSION,7,1,3,0.3761512608437027,27.015166360175066,8385,20418,0.4106670584778137,1755,14720,0.11922554347826086,84,247342,0.41410746978229174,0.32978516902090604
384,FUSION,7,1,11,0.3765376066069539,26.815199629485303,7468,19896,0.37535182951347007,1499,14720,0.10183423913043478,84,246076,0.35466814578322414,0.30516870491968917
385,FUSION,7,0,9,0.36745683247757377,31.104437487580803,8469,19554,0.43310831543418227,1208,14720,0.08206521739130435,72,261488,0.37023489877186516,0.3069251764868425
386,FUSION,7,0,14,0.49774644349183744,14.902425913584668,239,429,0.5571095571095571,13943,14720,0.9472146739130435,8,261128,0.37139914301504573,0.3076988131353343
387,FUSION,7,0,13,0.37298741151633574,31.433689114243602,8086,22297,0.362649683813966,2249,14720,0.15278532608695652,69,261970,0.386144056574039,0.30770297633629673
388,FUSION,7,0,10,0.3584882238793067,30.715522751050838,7482,21279,0.3516142675877626,2083,14720,0.14150815217391305,72,261341,0.3692948511107469,0.3044720532325817
389,FUSION,7,0,1,0.34680517320217674,25.805112864942984,5624,19158,0.29355882659985383,1354,14720,0.09198369565217392,81,261387,0.3523992024585711,0.3052339994656464
390,FUSION,7,0,11,0.3872987224131305,30.86969547891347,9563,23213,0.41196743204239006,1354,14720,0.09198369565217392,64,261308,0.3732738547828208,0.30689790129216565
391,FUSION,7,0,7,0.3502002400103619,30.07302165602425,5932,20023,0.29625930180292664,1661,14720,0.11283967391304348,80,260811,0.35628657818529313,0.30472138381672065
392,FUSION,7,0,2,0.35080405946080206,29.091794522589396,6948,21018,0.3305737938909506,1964,14720,0.13342391304347825,80,261098,0.35258584973012824,0.30560177466100896
393,FUSION,7,0,6,0.369482817225015,28.599135932810476,6734,20980,0.3209723546234509,1384,14720,0.09402173913043478,64,261031,0.35739653640323216,0.3054056934123683
394,FUSION,7,0,0,0.36235280993907254,29.10186486417084,6450,20129,0.3204332058224452,1945,14720,0.13213315217391305,88,261674,0.3539365791247792,0.30496897455688754
395,FUSION,7,0,4,0.3515880135925434,31.220126051264998,6212,20008,0.31047580967612953,2010,14720,0.13654891304347827,70,260731,0.35297719554136725,0.3049173647966251
396,FUSION,7,0,5,0.35591503869747604,25.703453999470316,6644,20681,0.3212610608771336,1708,14720,0.11603260869565217,73,261115,0.35141194330887465,0.3051244032751654
397,FUSION,7,0,12,0.3300021332322971,37.25968251648899,1041,2202,0.47275204359673023,12244,14720,0.8317934782608696,19,262178,0.3822061503229062,0.3067312558887412
398,FUSION,7,0,8,0.35658838547708266,25.613843352668223,6288,20217,0.31102537468467134,2312,14720,0.15706521739130436,58,261204,0.3517927826442891,0.3051636116732859
399,FUSION,7,0,3,0.3661012786957881,21.274011552084623,6010,17280,0.34780092592592593,2989,14720,0.2030570652173913,62,261356,0.3549054366507404,0.3049631914813363
400,FUSION,7,3,9,0.457272489881693,27.303062309139516,7840,14147,0.5541810984661059,2208,14720,0.15,92,163654,0.32907471548620065,0.3039117745914318
401,FUSION,7,3,4,0.458583048158706,25.60951628769362,9038,15521,0.582307840989627,2107,14720,0.14313858695652174,73,163713,0.3300606494820155,0.3048760118508083
402,FUSION,7,3,7,0.47814483259964735,27.32801394022968,10163,16549,0.6141156565351381,3178,14720,0.21589673913043478,65,163884,0.32924561570578803,0.3045601554248695
403,FUSION,7,3,6,0.4547278240721815,26.308890189923595,9052,15578,0.581075876235717,2150,14720,0.14605978260869565,73,163174,0.326928800046839,0.30444635344140325
404,FUSION,7,3,10,0.45697166562137,29.551786236730564,9105,15145,0.6011885110597557,2124,14720,0.14429347826086958,77,163906,0.3287224974011591,0.3047429279008454
405,FUSION,7,3,5,0.45261114462013197,29.964577054847638,7817,14190,0.5508809020436928,2222,14720,0.15095108695652174,71,164418,0.32558325090458695,0.30477417001618146
406,FUSION,7,3,14,0.45640626164863524,28.94799035558897,9732,16551,0.5880007250317202,2111,14720,0.14341032608695653,68,163809,0.3295947458867296,0.3044767446506166
407,FUSION,7,3,11,0.44279352658142457,29.024993519998517,8867,15897,0.5577781971441153,2184,14720,0.1483695652173913,73,163804,0.33084624046076605,0.3045399621680931
408,FUSION,7,3,13,0.47492215621494144,32.92303156803298,9106,15698,0.5800738947636641,2333,14720,0.15849184782608697,61,162285,0.3344475740118872,0.30293245778329836
409,FUSION,7,3,12,0.4555838499672808,26.92643467835799,8266,14571,0.5672911948390639,2079,14720,0.14123641304347825,71,164546,0.3260857440028857,0.3048388144583873
410,FUSION,7,3,2,0.45747677404105225,33.95331963000986,9326,16183,0.5762837545572514,2044,14720,0.1388586956521739,76,163241,0.32609399359482727,0.3047159914622643
411,FUSION,7,3,8,0.45399423270490774,30.652554171619954,8673,14964,0.5795910184442662,1928,14720,0.1309782608695652,74,162832,0.32660345010146924,0.3044114497463399
412,FUSION,7,3,1,0.4471269469766368,27.379633820819084,9480,16240,0.583743842364532,1822,14720,0.12377717391304348,59,162636,0.32521047707442396,0.30470224188815626
413,FUSION,7,3,3,0.4645956975146349,31.792808599009543,8411,13955,0.6027230383375134,4243,14720,0.28824728260869564,56,164870,0.32849831712394156,0.30491399470306885
414,FUSION,7,3,0,0.4416719245473443,24.924301808076642,8246,14418,0.5719239839090027,2418,14720,0.16426630434782608,72,164547,0.33306300473717726,0.30440227121973235
415,STEREO,7,2,12,0.24697060447421498,21.126870909213487,3074,11167,0.2752753649144802,4998,14720,0.3395380434782609,46,187191,,
416,STEREO,7,2,10,0.25760198011300967,26.8034621513495,3323,11525,0.2883297180043384,4658,14720,0.31644021739130435,50,187773,,
417,STEREO,7,2,1,0.24840770205846588,25.98728051261782,3225,10822,0.29800406579190536,4789,14720,0.32533967391304347,50,187533,,
418,STEREO,7,2,13,0.23793513290491441,26.610638787597022,2885,10704,0.2695254110612855,4615,14720,0.31351902173913043,46,187971,,
419,STEREO,7,2,14,0.2439471548905068,20.495054089573962,3112,10997,0.2829862689824498,4715,14720,0.3203125,47,187511,,
420,STEREO,7,2,5,0.23580941361183166,27.60902573983554,2794,10900,0.2563302752293578,4535,14720,0.30808423913043476,46,187283,,
421,STEREO,7,2,6,0.26592452327678623,25.555117442016723,2786,10754,0.2590663938999442,4736,14720,0.3217391304347826,50,188051,,
422,STEREO,7,2,9,0.25378312386265045,23.664131222212678,3203,11131,0.287754918695535,4573,14720,0.3106657608695652,58,187560,,
423,STEREO,7,2,0,0.2378460991021059,17.824469565772887,2863,10526,0.2719931597947938,4787,14720,0.3252038043478261,46,187905,,
424,STEREO,7,2,11,0.2147944753781123,27.075499283634997,3424,10909,0.3138692822440187,4452,14720,0.30244565217391306,43,187352,,
425,STEREO,7,2,2,0.26531923902966714,24.454998750051544,2872,11282,0.254564793476334,4358,14720,0.29605978260869564,45,187387,,
426,STEREO,7,2,4,0.2369551403586002,24.277227268444637,3098,10935,0.28331047096479195,4933,14720,0.33512228260869564,43,188020,,
427,STEREO,7,2,7,0.22872840162004154,23.382436812581634,3168,10909,0.2904024200201668,4791,14720,0.32547554347826085,45,187330,,
428,STEREO,7,2,8,0.24179877562682334,19.615080200422977,3034,10538,0.2879104194344278,4747,14720,0.32248641304347825,45,188248,,
429,STEREO,7,1,4,0.22870193499457991,25.320663978080336,3008,18872,0.15938957185247987,1184,14720,0.08043478260869565,66,243062,,
430,STEREO,7,1,13,0.24538845635089399,22.526273023583236,2682,18802,0.14264439953196467,1632,14720,0.1108695652173913,60,242777,,
431,STEREO,7,1,6,0.23738963866153315,24.059910728916506,3128,19433,0.1609633098337879,1337,14720,0.09082880434782609,57,243449,,
432,STEREO,7,1,1,0.23907163091624836,23.04177366471604,2818,18587,0.15161134126002043,1312,14720,0.0891304347826087,57,242761,,
433,STEREO,7,1,7,0.230501382644185,29.289517901137277,2481,18684,0.1327874116891458,1254,14720,0.08519021739130435,63,242402,,
434,STEREO,7,1,10,0.24100701487336776,23.34740390351633,3644,19295,0.1888572168955688,1249,14720,0.08485054347826088,65,242335,,
435,STEREO,7,1,3,0.22227297404923804,22.56870382810777,2623,18471,0.14200638839261545,1397,14720,0.09490489130434783,55,243065,,
436,STEREO,7,1,12,0.23961149605172802,24.90323978271413,2479,18670,0.1327798607391537,1198,14720,0.08138586956521739,65,242939,,
437,STEREO,7,1,0,0.2220407369191957,27.330253199892976,2347,18178,0.12911211354384422,1317,14720,0.08947010869565217,60,242638,,
438,STEREO,7,1,2,0.22876663118393767,23.03912968391717,2191,17691,0.12384828443841502,1221,14720,0.0829483695652174,57,241922,,
439,STEREO,7,1,9,0.2392266577972811,20.21218276167462,2994,18945,0.15803642121931907,1247,14720,0.08471467391304348,67,241903,,
440,STEREO,7,1,8,0.22546571149346423,23.264389445123726,2982,19011,0.15685655673031404,1335,14720,0.09069293478260869,66,242658,,
441,STEREO,7,1,14,0.2291388184478465,23.44427969636076,3008,18922,0.15896839657541487,1336,14720,0.0907608695652174,61,242629,,
442,STEREO,7,1,5,0.23063963705426146,22.129944407356305,2386,17919,0.13315475193928233,1150,14720,0.078125,73,243476,,
443,STEREO,7,1,11,0.23756563971839942,18.132985167371356,3154,19644,0.16055793117491346,1285,14720,0.08729619565217392,60,242439,,
444,STEREO,7,0,3,0.23636550222284974,22.008621514795138,2794,23796,0.11741469154479744,939,14720,0.06379076086956521,71,259975,,
445,STEREO,7,0,12,0.22972859594252198,22.376178786660695,2668,24065,0.11086640349054644,1137,14720,0.07724184782608695,59,260390,,
446,STEREO,7,0,9,0.2438910293764584,21.191309448406674,2915,24031,0.12130165203279097,987,14720,0.06705163043478261,63,259644,,
447,STEREO,7,0,13,0.2422908538954072,24.916695628217514,3284,24250,0.13542268041237113,1040,14720,0.07065217391304347,55,261177,,
448,STEREO,7,0,1,0.24647779315368235,24.60193245997343,3066,24739,0.12393386959860948,947,14720,0.06433423913043479,57,260295,,
449,STEREO,7,0,7,0.24383017137983312,18.223039766331187,3991,25314,0.157659792999921,1087,14720,0.07384510869565217,54,259405,,
450,STEREO,7,0,10,0.23995901819485135,22.915668705683,3125,24021,0.13009450064526873,1175,14720,0.07982336956521739,57,260089,,
451,STEREO,7,0,5,0.25732667641201606,23.920751470942157,2610,24102,0.10828976848394324,1041,14720,0.07072010869565218,49,260499,,
452,STEREO,7,0,14,0.2346390727471647,21.934977695523568,2643,23998,0.11013417784815402,1028,14720,0.06983695652173913,56,259929,,
453,STEREO,7,0,8,0.24283576587415853,21.685077122383866,2489,23621,0.10537233817365903,1053,14720,0.07153532608695652,60,259782,,
454,STEREO,7,0,4,0.25624059508331154,18.19677612378691,3487,25164,0.13857097440788427,1117,14720,0.07588315217391305,49,259616,,
455,STEREO,7,0,11,0.2429271322577512,19.966167179972466,2700,24044,0.11229412743303943,1239,14720,0.08417119565217392,58,260027,,
456,STEREO,7,0,0,0.25319449710848557,22.45545076701828,1874,23288,0.08047062864994847,1100,14720,0.07472826086956522,46,259419,,
457,STEREO,7,0,6,0.22400647772287505,23.021797083141628,2513,23549,0.10671366087731964,967,14720,0.0656929347826087,64,260136,,
458,STEREO,7,0,2,0.2514348687961743,20.914609994485126,3488,25546,0.13653800986455805,1199,14720,0.08145380434782609,55,260516,,
459,STEREO,7,3,11,0.2636590429613439,18.636834185383055,4897,10075,0.4860545905707196,7098,14720,0.48220108695652175,47,157742,,
460,STEREO,7,3,12,0.27461969616862036,20.941927082842483,4710,9410,0.5005313496280552,7307,14720,0.4963994565217391,37,157736,,
461,STEREO,7,3,13,0.3050836979897353,22.4167407268044,5188,10512,0.493531202435312,6800,14720,0.46195652173913043,41,157319,,
462,STEREO,7,3,14,0.27256389657746016,22.079498763182325,4728,9581,0.4934766725811502,7522,14720,0.5110054347826087,39,158195,,
463,STEREO,7,3,2,0.30828469857984575,20.80205428891976,4414,9588,0.4603671255736337,7112,14720,0.4831521739130435,45,157548,,
464,STEREO,7,3,8,0.268885929785727,23.167179039569255,4936,10218,0.4830690937561167,7071,14720,0.48036684782608696,48,157095,,
465,STEREO,7,3,5,0.28511093641708574,22.563415385578182,4879,10037,0.48610142472850454,6942,14720,0.4716032608695652,45,157386,,
466,STEREO,7,3,3,0.27883726425398137,24.459589951171893,4917,9848,0.49928919577579206,7136,14720,0.48478260869565215,47,157567,,
467,STEREO,7,3,9,0.2903976088238671,23.728161072502463,4860,10037,0.48420842881339043,6945,14720,0.4718070652173913,42,157691,,
468,STEREO,7,3,0,0.27396084111464664,23.384792328185355,4594,9655,0.47581563956499223,6961,14720,0.4728940217391304,43,157959,,
469,STEREO,7,3,7,0.32002613462097357,20.37797979390108,5057,10418,0.48540986753695525,7442,14720,0.5055706521739131,36,157695,,
470,STEREO,7,3,1,0.282522290174212,22.079363958526507,4447,9680,0.459400826446281,6866,14720,0.46644021739130437,40,157882,,
471,STEREO,7,3,6,0.2956937313848255,21.092527018031518,4838,9806,0.49337140526208445,7167,14720,0.48688858695652176,46,157790,,
472,STEREO,7,3,4,0.29007985472859293,23.63383278319087,4569,9475,0.4822163588390501,7436,14720,0.5051630434782609,36,157619,,
473,STEREO,7,3,10,0.27444213220947167,21.19866316609282,4288,9365,0.4578750667378537,6813,14720,0.4628396739130435,41,157957,,
474,FUSION,3,2,7,0.3869713180695867,22.485944748581666,7604,25680,0.2961059190031153,4791,30910,0.15499838240051764,32,194314,0.3477028504306195,0.30490268988539615
475,FUSION,3,2,12,0.397198912881805,18.454944215621193,8470,27392,0.3092143691588785,4567,30910,0.14775153671950825,36,193825,0.3478321314208476,0.30503645037457705
476,FUSION,3,2,13,0.41670761679421,20.33220277801746,5185,15304,0.3388003136434919,12814,30910,0.4145583953413135,20,201843,0.3548317964117783,0.31490896687363135
477,FUSION,3,2,0,0.3852987006168589,18.67071761323544,7033,24445,0.2877070975659644,4428,30910,0.14325461015852475,27,193821,0.3520251095058426,0.3049021171918999
478,FUSION,3,2,3,0.3942875125851662,20.991471901730176,8004,24370,0.3284366023799754,5069,30910,0.16399223552248463,28,194524,0.35462898206710813,0.3053612311852168
479,FUSION,3,2,4,0.3922675458147603,17.804758703333967,8419,26364,0.31933697466241845,5180,30910,0.16758330637334196,35,194340,0.3482767671507442,0.30564912433928065
480,FUSION,3,2,1,0.3939105363257865,17.436003147776177,8111,26192,0.3096747098350641,5142,30910,0.16635393076674215,40,193749,0.3523176859340677,0.3052464236589121
481,FUSION,3,2,14,0.38127442276883877,15.31602779465403,7696,25621,0.3003785956832286,4855,30910,0.15706890973794888,32,194164,0.3503396664212344,0.30479547974373783
482,FUSION,3,2,6,0.3915350677216297,16.678147785852822,8018,26323,0.3046005394521901,4411,30910,0.14270462633451958,28,195406,0.3530573352407377,0.30514876947140324
483,FUSION,3,2,2,0.3849702652822578,12.162979061682595,7540,24791,0.30414263240692185,4195,30910,0.1357165965706891,29,194960,0.35435514912374133,0.30492690310638115
484,FUSION,3,2,5,0.3937155754860014,18.759423503354665,9577,29900,0.3203010033444816,4799,30910,0.15525719831769655,30,194689,0.35576460022247863,0.30509238966452906
485,FUSION,3,2,10,0.39252624175595024,20.959770106393787,7277,23601,0.3083343926104826,5368,30910,0.17366548042704627,33,194026,0.35009071091075,0.3052599813935062
486,FUSION,3,2,8,0.3692571084550105,18.88021515046626,7780,26482,0.2937844573672683,4721,30910,0.1527337431252022,29,194324,0.34795133443799753,0.3048022450931067
487,FUSION,3,2,9,0.3958496671054665,14.687806645172664,8384,25902,0.3236815689908115,4813,30910,0.15571012617275962,25,194674,0.34327370268793095,0.3053668726634938
488,FUSION,3,2,11,0.3888371107302746,18.02127542598903,8552,26686,0.3204676609458143,4487,30910,0.14516337754771919,37,194076,0.3481126126554823,0.3049211009856193
489,FUSION,3,1,7,0.35126902088297385,17.3401888667247,4818,21788,0.22113089774187628,6162,30910,0.19935296020705273,44,265460,0.36297755856667796,0.30657434927049737
490,FUSION,3,1,0,0.3457333150504973,14.015612559990405,5901,27112,0.21765269991147831,4374,30910,0.14150760271756713,46,263589,0.3677689079919462,0.30468323294239763
491,FUSION,3,1,1,0.3396564396163039,15.396906136550122,6236,26636,0.2341192371226911,4187,30910,0.1354577806535102,35,264334,0.36795363856549085,0.30578118459931736
492,FUSION,3,1,10,0.34885384205456776,15.3269287887411,6524,27547,0.23683159690710423,4110,30910,0.1329666774506632,43,264050,0.3754247974466394,0.30510766603613415
493,FUSION,3,1,2,0.33581364230184896,13.838415237099836,5080,25298,0.20080638785674756,3745,30910,0.12115820122937561,49,264058,0.370411783955586,0.30532411937820364
494,FUSION,3,1,8,0.3449903507325924,14.429267053036721,6077,26530,0.22906143987938182,4056,30910,0.1312196700097056,33,264337,0.3724646879605242,0.3058149427509226
495,FUSION,3,1,13,0.36271039414081635,10.769105801229605,4800,19423,0.247129691602739,8950,30910,0.28955030734390164,44,264267,0.3764413957955416,0.3053331349463592
496,FUSION,3,1,3,0.34208460271115476,15.463245845029185,5695,25807,0.22067656062308677,3696,30910,0.1195729537366548,41,263777,0.37317543187728064,0.30516818035089655
497,FUSION,3,1,6,0.34366308242506,13.532155915288493,5632,26497,0.21255236441861342,3527,30910,0.1141054674862504,53,263979,0.3653034915884786,0.30572621401014
498,FUSION,3,1,4,0.3403026053305164,19.518226814537677,5220,25527,0.204489364202609,3822,30910,0.12364930443222258,46,264011,0.3786361054564566,0.3054988385273607
499,FUSION,3,1,5,0.37320151679298524,15.229421817288051,7715,27035,0.2853708156093952,5532,30910,0.17897120672921385,48,264021,0.37202367025748045,0.30546925319138396
500,FUSION,3,1,9,0.3472123666268627,18.245671473826487,6357,27097,0.2346016164151013,3953,30910,0.1278874150760272,51,263679,0.3802007300184932,0.30527563560249776
501,FUSION,3,1,11,0.33979657979713346,14.449029437882821,5978,26296,0.2273349558868269,4564,30910,0.14765448075056617,43,263720,0.3682326852316428,0.305709450063085
502,FUSION,3,1,14,0.35095222440096757,21.433646359565696,5642,26308,0.2144594800060818,4093,30910,0.13241669362665803,47,264140,0.3705707850750213,0.30562979884314057
503,FUSION,3,1,12,0.3432542259192789,17.54278565823872,6012,26413,0.22761518949002385,4017,30910,0.12995794241345843,46,264393,0.37679089458538545,0.3048865847388818
504,FUSION,3,0,0,0.3337235069244152,16.00646925494315,6421,29836,0.2152098136479421,4011,30910,0.12976383047557424,66,276344,0.3766959435244665,0.30568683820261827
505,FUSION,3,0,7,0.32736891525905704,13.932956900134622,6305,28978,0.21757885292290705,3703,30910,0.11979941766418635,63,276133,0.38338996448238627,0.30527764025325416
506,FUSION,3,0,12,0.330255522018657,13.67821831901446,5812,29079,0.1998693215034905,4306,30910,0.13930766742154643,64,276119,0.38966072998528156,0.30310013198608426
507,FUSION,3,0,9,0.3310749277384783,16.01839422619954,5693,28867,0.19721481276197733,4292,30910,0.13885473956648334,40,276363,0.3895529961847997,0.3059354303416737
508,FUSION,3,0,3,0.3187094330246445,16.86521733557406,4579,27185,0.16843847710134266,3783,30910,0.12238757683597541,52,276075,0.3814767344023592,0.3064479679577294
509,FUSION,3,0,2,0.3249136854513074,13.265885937169294,4733,27612,0.17141098073301464,4301,30910,0.1391459074733096,57,276265,0.37947594564569515,0.3061820256797517
510,FUSION,3,0,10,0.31958569643967893,15.795594517192797,5882,28573,0.2058586777727225,4209,30910,0.1361695244257522,56,276194,0.3823875258875022,0.3059169399625171
511,FUSION,3,0,6,0.3256102793569864,15.33467000164881,6089,29032,0.20973408652521355,3600,30910,0.11646716273050793,61,276229,0.37163305957362336,0.30530037313160663
512,FUSION,3,0,14,0.338199033567005,19.20977531000887,2373,16001,0.1483032310480595,11197,30910,0.36224522808152704,56,276346,0.39788871956727856,0.30594528096664975
513,FUSION,3,0,5,0.3261129884969639,12.203330265048281,5429,27902,0.19457386567271162,3743,30910,0.12109349725008088,61,275957,0.37150937240744464,0.306013814940965
514,FUSION,3,0,4,0.2525884572293982,15.873020095448181,357,3737,0.09553117473909553,20408,30910,0.6602394047233905,38,276118,0.3746835956230909,0.3058990650826767
515,FUSION,3,0,1,0.32432489239848605,12.844508644576205,5236,26965,0.1941776376784721,4338,30910,0.14034293109026205,63,276129,0.37940799220998017,0.3050944056562198
516,FUSION,3,0,8,0.3442010691331055,12.337030914654587,6937,30460,0.22774130006565987,3937,30910,0.12736978324166937,57,276117,0.38141407671795097,0.3046731442929953
517,FUSION,3,0,13,0.326902397841006,14.270573986644383,5294,28348,0.18675038803442923,3980,30910,0.12876091879650597,67,276142,0.3854090605093085,0.30573195864178593
518,FUSION,3,0,11,0.33941379002598876,12.556084728646052,7026,29404,0.23894708202965584,4685,30910,0.1515690714978971,62,276165,0.3905230078909774,0.30593259378772913
519,FUSION,3,3,14,0.3857899268746779,20.207730047497044,5091,17405,0.29250215455328926,5422,30910,0.17541248786800387,39,153655,0.33129889928309064,0.3049012379510999
520,FUSION,3,3,11,0.4476848979193307,1.5778100906360648,66170,153213,0.4318824120668612,1860,30910,0.06017470074409576,4,160268,0.5840400602711484,0.5462441014582277
521,FUSION,3,3,2,0.3872531914417406,18.32666408797849,6172,18262,0.3379695542656883,5020,30910,0.16240698802976383,39,154087,0.3325353024827407,0.3046710571982941
522,FUSION,3,3,13,0.397152555341486,21.204359863619143,5935,17619,0.33685226176286964,5097,30910,0.16489809123261082,44,154666,0.3343838295846615,0.30524153458984876
523,FUSION,3,3,10,0.39478915455142527,19.438142802952402,5570,16841,0.33074045484234904,5191,30910,0.16793917825946295,42,153252,0.33533872424542116,0.3052635744803949
524,FUSION,3,3,9,0.39674862338437006,20.458575451549393,5778,17498,0.33020916676191564,5035,30910,0.16289226787447428,39,154737,0.3325677086890974,0.3049080661936044
525,FUSION,3,3,6,0.38753063877208643,22.178423133347692,6150,16441,0.3740648379052369,6086,30910,0.19689420899385313,40,155072,0.34307106612786387,0.30273090841624656
526,FUSION,3,3,5,0.3894179751507491,20.56679651147569,5728,16854,0.33985997389343775,5921,30910,0.19155613070203817,31,153878,0.331101039767154,0.30524838140079597
527,FUSION,3,3,0,0.395988059028208,21.76593962770565,5289,15994,0.3306865074402901,5801,30910,0.18767389194435458,38,154893,0.33280672460920313,0.305251972356132
528,FUSION,3,3,4,0.39192280063458396,18.727785617667436,6053,17388,0.34811364159190245,5548,30910,0.17948883856357167,32,153903,0.32939435532649025,0.3052596785656413
529,FUSION,3,3,7,0.3977108615832162,15.828959676925514,6264,17144,0.36537564162389174,5434,30910,0.17580071174377224,39,154932,0.3355254957701886,0.3022540208888733
530,FUSION,3,3,1,0.40155210898345983,21.40713506922401,6411,18307,0.3501939148959414,6060,30910,0.19605305726302166,27,154601,0.3309285184572748,0.3051015802381781
531,FUSION,3,3,8,0.39916925202921605,21.284216425756153,3341,11070,0.301806684733514,13841,30910,0.4477838887091556,31,153167,0.3335575444869673,0.3052561548476471
532,FUSION,3,3,12,0.3896673789722993,15.319762770533409,6226,17404,0.35773385428637094,4842,30910,0.15664833387253316,50,154213,0.3341457794390605,0.3042983495555243
533,FUSION,3,3,3,0.3921956376911206,21.240336029090233,5784,17299,0.3343545869703451,5827,30910,0.188515043675186,41,155046,0.33576565450339607,0.3048123601274937
534,STEREO,3,2,11,0.1871813285933799,16.807860604431344,319,10951,0.029129759839284085,11751,30910,0.3801682303461663,67,188125,,
535,STEREO,3,2,2,0.1721421857158728,19.133495179287166,268,11044,0.02426657008330315,11595,30910,0.3751213199611776,68,188267,,
536,STEREO,3,2,12,0.1968547096517839,18.702543276754696,295,11319,0.02606237300114851,12491,30910,0.40410870268521515,60,188052,,
537,STEREO,3,2,13,0.1709334270036925,20.77023094076856,96,10778,0.008907032844683615,12288,30910,0.39754124878680036,55,188251,,
538,STEREO,3,2,8,0.1724704132339049,17.673287409825253,204,11250,0.018133333333333335,12023,30910,0.3889679715302491,65,187683,,
539,STEREO,3,2,7,0.19414859716263624,20.936440597285987,297,11293,0.02629947755246613,11611,30910,0.3756389517955354,59,188132,,
540,STEREO,3,2,9,0.17981751503693277,19.613537144326397,207,11173,0.018526805692293924,13022,30910,0.42128760918796504,54,188303,,
541,STEREO,3,2,0,0.18779275826859354,20.315500572790494,80,11669,0.0068557717028022965,12386,30910,0.400711743772242,54,188012,,
542,STEREO,3,2,1,0.15228865079360224,15.81842102789548,87,10966,0.00793361298559183,11642,30910,0.3766418634746037,65,187999,,
543,STEREO,3,2,14,0.17377470764797967,17.42227960184616,151,11129,0.013568155270015276,11795,30910,0.3815917178906503,65,187897,,
544,STEREO,3,2,3,0.1696583412519762,18.369115023043936,123,10876,0.011309304891504229,11460,30910,0.37075380135878355,62,187990,,
545,STEREO,3,2,10,0.17853304167668224,20.387672659093624,167,11531,0.014482698811898361,11500,30910,0.3720478809446781,57,188011,,
546,STEREO,3,2,5,0.1749058302414484,16.380516852523762,144,10676,0.013488197826901461,11856,30910,0.38356518925913946,56,188224,,
547,STEREO,3,2,6,0.171197639720289,14.921526409994774,307,11131,0.027580630671098734,11939,30910,0.3862504043998706,55,188201,,
548,STEREO,3,2,4,0.16542153636566098,17.077347488174848,243,10737,0.022632020117351215,12186,30910,0.3942413458427693,55,188108,,
549,STEREO,3,1,2,0.21093683609650013,19.26801742572932,1556,27573,0.05643201682805643,3706,30910,0.11989647363312844,84,261496,,
550,STEREO,3,1,8,0.21006002307112623,15.976899761218062,948,26899,0.03524294583441764,3864,30910,0.12500808799741184,82,261613,,
551,STEREO,3,1,12,0.22361419564150897,15.229966481396879,1627,28334,0.05742217830168702,3658,30910,0.118343578130055,87,261422,,
552,STEREO,3,1,7,0.22050179341852752,20.398114357350533,1305,27974,0.046650461142489455,3725,30910,0.12051116143642834,71,261795,,
553,STEREO,3,1,1,0.21287217486515905,17.17185992225257,1544,27683,0.05577430191814471,4051,30910,0.13105791006146877,72,261590,,
554,STEREO,3,1,0,0.21604949176735458,20.921943783458342,1103,28216,0.03909129571874114,4136,30910,0.13380782918149467,78,261401,,
555,STEREO,3,1,6,0.20245659135081162,14.955697992152947,1042,26817,0.038855949584218966,3822,30910,0.12364930443222258,71,261536,,
556,STEREO,3,1,13,0.20495020704920253,18.327617499976643,1158,26960,0.04295252225519288,3764,30910,0.12177288903267551,77,261630,,
557,STEREO,3,1,10,0.20897625113418988,16.012635405332336,1166,27384,0.04257960853052878,4292,30910,0.13885473956648334,75,261583,,
558,STEREO,3,1,9,0.23055423926090976,18.243301667513155,1288,27639,0.04660081768515503,3994,30910,0.12921384665156907,77,261427,,
559,STEREO,3,1,4,0.21468649324468478,22.829275707825268,1563,28656,0.05454355108877722,4315,30910,0.1395988353283727,65,261384,,
560,STEREO,3,1,14,0.21750258287770455,18.666219812317983,1780,28216,0.06308477459597392,4012,30910,0.12979618246522162,81,261598,,
561,STEREO,3,1,11,0.21846023105464665,16.994547181620945,941,27238,0.03454732359204053,3880,30910,0.12552571983176966,71,261304,,
562,STEREO,3,1,3,0.21225643641129147,20.36619177809323,1293,28125,0.04597333333333333,4075,30910,0.1318343578130055,61,261327,,
563,STEREO,3,1,5,0.20676483520726036,19.022372698490596,1151,27278,0.04219517559938412,4257,30910,0.1377224199288256,73,261292,,
564,STEREO,3,0,4,0.21065675374601625,17.02619153810328,1488,35752,0.04162004922801522,2531,30910,0.08188288579747655,68,275167,,
565,STEREO,3,0,9,0.21437217856822197,13.585786535314172,1277,35170,0.03630935456354848,2664,30910,0.08618570042057587,68,275372,,
566,STEREO,3,0,12,0.2034824664628803,16.074756504507974,1254,35105,0.03572140720695058,2403,30910,0.07774183112261404,66,275239,,
567,STEREO,3,0,0,0.22565474037255012,14.983384853911788,1370,36731,0.037298194985162396,2227,30910,0.0720478809446781,68,274897,,
568,STEREO,3,0,10,0.21738949327750695,13.979057637283141,1947,37264,0.052248819235723484,2660,30910,0.08605629246198641,55,275137,,
569,STEREO,3,0,5,0.22109541030063423,14.342626835961335,2152,37531,0.05733926620660254,1971,30910,0.06376577159495309,67,275127,,
570,STEREO,3,0,11,0.21772197716373065,14.915412478184779,1091,36012,0.0302954570698656,1929,30910,0.062406988029763834,69,275072,,
571,STEREO,3,0,7,0.2250733397244736,13.07478649914681,2074,37295,0.055610671671805875,1984,30910,0.06418634746036882,57,275233,,
572,STEREO,3,0,6,0.2013588558098503,16.01749412751444,824,34775,0.023695183321351544,2587,30910,0.08369459721772889,66,275301,,
573,STEREO,3,0,3,0.22496330764119,16.636392461793143,1612,36591,0.044054548932797685,2353,30910,0.07612423164024587,62,275253,,
574,STEREO,3,0,8,0.2149724430864667,16.045686721254675,1233,35078,0.03515023661554251,2806,30910,0.09077968295050146,63,275314,,
575,STEREO,3,0,14,0.21535265816254534,13.726925170530164,1453,36256,0.0400761253309797,2279,30910,0.07373018440634099,70,275253,,
576,STEREO,3,0,1,0.21810805789279344,15.46990047628065,1270,36154,0.03512751009570172,2301,30910,0.07444192817858299,61,275002,,
577,STEREO,3,0,13,0.22390696935493862,13.580306223670455,2038,36026,0.056570254815966246,2901,30910,0.09385312196700098,63,275002,,
578,STEREO,3,0,2,0.21091171956450067,14.096446808532214,1494,36253,0.041210382589027116,2105,30910,0.06810093820769977,64,275268,,
579,STEREO,3,3,6,0.14886394851828,19.938094142788792,111,5177,0.021440988989762412,17037,30910,0.5511808476221287,52,150328,,
580,STEREO,3,3,12,0.16231455902211636,17.47599354036485,282,5000,0.0564,17384,30910,0.5624069880297639,52,149409,,
581,STEREO,3,3,9,0.14765773841582272,20.466165039411578,118,4647,0.025392726490208736,17979,30910,0.581656421869945,51,149510,,
582,STEREO,3,3,3,0.15492578402849017,20.877038372014194,223,4968,0.044887278582930755,17249,30910,0.5580394694273698,51,150386,,
583,STEREO,3,3,13,0.2690289819632956,1.3730984701093187,0,156,0.0,29823,30910,0.9648333872533161,8,176070,,
584,STEREO,3,3,4,0.15934068796868336,19.22984776614498,158,5198,0.03039630627164294,16599,30910,0.5370106761565836,55,150284,,
585,STEREO,3,3,8,0.15633534904185886,18.467890032140602,309,5042,0.06128520428401428,17241,30910,0.5577806535101909,53,149295,,
586,STEREO,3,3,10,0.13807684102613718,18.063458810572527,112,5091,0.021999607149872324,17058,30910,0.5518602394047234,53,149716,,
587,STEREO,3,3,5,0.1456235538383049,17.292391481768178,39,4888,0.007978723404255319,17601,30910,0.5694273697832417,50,149945,,
588,STEREO,3,3,7,0.17537795325854172,20.489052384766012,169,5533,0.0305440086752214,16936,30910,0.547913296667745,56,149906,,
589,STEREO,3,3,14,0.18931703752687448,20.475815960267735,167,5275,0.03165876777251185,16954,30910,0.5484956324813977,56,149951,,
590,STEREO,3,3,2,0.14357415985397076,16.28868373102786,158,4880,0.03237704918032787,17398,30910,0.5628599158848269,49,149963,,
591,STEREO,3,3,0,0.16489916756875905,21.486111470930485,137,4964,0.027598710717163577,17475,30910,0.5653510190876739,52,149821,,
592,STEREO,3,3,11,0.15653641007686542,21.033821339339386,82,5259,0.015592317931165622,16622,30910,0.537754771918473,53,149755,,
593,STEREO,3,3,1,0.1473501521555842,21.666778284955875,336,4970,0.0676056338028169,17049,30910,0.5515690714978971,48,149022,,
